hugo_symbol	Model_Score
GRM5	0.9986223
NRXN1	0.9984234
NEGR1	0.9978774
PRDM14	0.99786675
TRIP11	0.9978441
AASDH	0.99777687
MUC16	0.9976184
CADM2	0.99746835
ASPM	0.9974543
ASPM	0.99743986
ASPM	0.9974325
ASPM	0.997426
HCN1	0.9973873
IGF2BP3	0.99733645
ASPM	0.99713933
HMGCLL1	0.997117
LRRC4C	0.9970608
APPBP2	0.9968859
MYB	0.99650514
ASPM	0.99646425
MYB	0.99641514
LRRC4C	0.9963587
CTNND2	0.9963523
FNBP1	0.9963047
MYB	0.9962928
MYB	0.99628127
CTNND2	0.996242
HTR7	0.99613374
DGKI	0.9961007
CTNND2	0.9960085
CTNND2	0.99596214
NSMAF	0.9959514
ASPM	0.9959321
ASPM	0.9959043
HTR7	0.99577725
ASPM	0.9957251
RTCB	0.99570525
SMAD4	0.99565035
MYB	0.99555093
MYB	0.9954981
CD79A	0.99546945
MYB	0.99545103
COL11A1	0.99544483
ASPM	0.99542457
MYB	0.99539393
SOX7	0.99527085
FBN1	0.9951885
CDC73	0.99515647
CDC73	0.99513745
FGD6	0.9951341
MYH11	0.9951306
GABRR2	0.9950828
SH3KBP1	0.9950807
ROBO2	0.99493307
HERC1	0.9949029
FAM78B	0.99489295
FAM47C	0.9948155
FAM47C	0.9947886
FAM47C	0.9947839
ASPM	0.9947238
ASPM	0.9946828
ASPM	0.99467045
NKX3-1	0.99465734
CDC73	0.9945631
FAM47C	0.994548
ASPM	0.9945399
NALCN	0.99451977
NPAP1	0.99451816
MYH11	0.99445844
TRPM1	0.99444747
ASPM	0.9944146
DGKI	0.9943872
CTNND2	0.994304
EFTUD2	0.9942878
SF3B5	0.99425155
CACNA1E	0.9942116
SORCS1	0.99410397
ASPM	0.9940215
CTNND2	0.9939548
CDH11	0.99393183
MUC16	0.99388
FAT3	0.9938402
ROBO2	0.99380684
FGFR2	0.9937471
FAM47C	0.993693
FAM47C	0.9936486
FAM47C	0.993546
ARHGAP26	0.99345523
CDC73	0.99342155
CDC73	0.9934158
CTNND2	0.9934151
MYH11	0.99341434
ADAR	0.99333155
FAM47C	0.99323016
NBPF20	0.9932033
FAM47C	0.9931631
CDC73	0.9931282
CLTC	0.9931101
TSFM	0.9930886
FAM47C	0.99307585
TBX3	0.9929822
PAPOLA	0.99284863
ARFGEF1	0.99280846
EPB41L4A	0.9927254
CDC73	0.99271905
CHD4	0.99271876
KMT2D	0.99269986
MYH11	0.9926517
ABHD17B	0.99260706
RAB30	0.9925582
CSMD3	0.9924381
MAT1A	0.99243605
MYB	0.9923707
LCP1	0.9923509
CDH11	0.9923213
MYB	0.9922708
CTNND2	0.99224305
MYB	0.9922298
TBX3	0.9921557
ATP10D	0.99209017
MYB	0.99198395
ASPM	0.99194473
CTNND2	0.99190223
SUFU	0.9918248
TNR	0.9918058
MYB	0.99167234
MYB	0.9916593
ARFGEF1	0.9916514
KMT2D	0.991614
KMT2D	0.9915375
MTOR	0.9915021
KDR	0.99140245
CNBD1	0.99139315
ASTN2	0.991295
MUC16	0.9912881
MYB	0.9911322
EPHA4	0.99090505
KMT2D	0.9908783
MUC16	0.99087036
ASPM	0.9908501
OGA	0.9908474
TBX3	0.9907927
LZTR1	0.99074256
CSMD3	0.99068993
HOXD10	0.99066645
GRIN2A	0.9906619
ASAP1	0.9905959
PTPRT	0.990585
MUC16	0.99057585
MYB	0.99055505
RSF1	0.9905066
KMT2D	0.9904875
NCOA2	0.99039346
ASPM	0.990379
ASPM	0.9903415
ROBO2	0.9903339
LASP1	0.99029875
CHD6	0.990152
EPHA3	0.9901305
KMT2D	0.9901302
NOTCH2	0.99009436
CDC73	0.99006563
LRP1B	0.9900543
ATR	0.99004835
NOTCH2	0.9899916
NCOA2	0.9898303
CCT8L2	0.9898289
MAP3K14	0.989741
ASPM	0.98971254
LRP1B	0.989399
MPP4	0.98933685
GRIK2	0.9892344
NTRK3	0.98918545
TBX3	0.9891664
ZNF285	0.9890127
KMT2D	0.98895556
KMT2D	0.98894936
CSMD1	0.9888949
ASPM	0.98882675
HTR7	0.9888007
KMT2D	0.988799
ST6GAL2	0.98878986
SNCAIP	0.98869157
ASPM	0.98866284
FAT3	0.988629
FAM135B	0.9885831
CSMD3	0.98857695
NTRK3	0.9885418
TBX3	0.9885323
SCN3A	0.9884566
ITPR2	0.9883147
CTNND2	0.9882047
PRR30	0.9881786
TBX3	0.9881579
TBX3	0.98811
MUC16	0.9880087
ASPM	0.9879607
VIRMA	0.9878806
NCOA2	0.9878173
MYB	0.98779535
KMT2D	0.9877575
TBX3	0.9876804
GNAQ	0.9875969
UPK1B	0.98751694
GRIN2A	0.98711437
FLT4	0.9870736
LRP1B	0.98705184
KMT2D	0.9869861
NTRK3	0.986955
GRIN2A	0.98689204
NCOA2	0.986861
TBX3	0.98683786
LIG1	0.98681474
FEV	0.98677474
PRKD1	0.9866967
ASPM	0.9866872
TXNDC9	0.9866342
ASPM	0.9865963
MYB	0.9865473
TBX3	0.98648745
GRIN2A	0.9864837
FAT1	0.9863301
ARFGEF1	0.98620135
SERTAD2	0.9861856
GABRB1	0.98615754
MUC16	0.9861415
ARFGEF1	0.9861247
UBR5	0.9860307
ZSWIM2	0.98601717
FEV	0.9860146
ROBO2	0.98601305
NRXN1	0.98600894
ZNF521	0.9859981
TBX3	0.9858448
GLG1	0.9856814
GNAQ	0.9856502
CNTNAP2	0.98553646
CDH11	0.98551077
ATRX	0.9854884
TBX3	0.98544514
FBP2	0.98543394
CNTNAP2	0.98543274
ABCC4	0.9854315
MSTN	0.98528296
ATP13A3	0.9852793
CPXM1	0.9852517
FAM47C	0.98523384
SMC4	0.9851638
MUC16	0.98508567
B4GALT6	0.9850562
ZNF521	0.9850517
POLQ	0.98495215
POLR3A	0.984928
LRP1B	0.98487693
NTRK3	0.9848211
FEV	0.9847583
CNTNAP2	0.98474467
BCAT2	0.98472995
LRP1B	0.9846992
TBX3	0.98441833
TBX3	0.9843927
TAT	0.98433095
CNTN6	0.98426116
PTPRB	0.9842042
GNAQ	0.9840258
CTNND2	0.98402256
POLQ	0.9839723
NALCN	0.9838906
CTNNB1	0.98384583
CDH11	0.9838133
ROBO2	0.9837802
KDM5C	0.983761
POLE	0.98374367
TBX3	0.98365057
KCNMA1	0.9835247
NTRK3	0.98347473
LRP1B	0.9834738
NR1H4	0.9834273
CDH11	0.9832015
ASPM	0.9831385
LRP1B	0.98312277
KIR3DL2	0.9830996
TNC	0.9830959
TBX3	0.98307496
CTNNB1	0.983005
ZAP70	0.9829665
FEV	0.98262906
CSMD3	0.9826008
MUC16	0.98239434
CNTNAP2	0.9823901
NBEA	0.9823608
CTNNB1	0.98235226
KCMF1	0.98233867
CDH11	0.98229903
GRIN2A	0.9821141
NALCN	0.9821129
CDC73	0.98208445
FEV	0.9820209
TMEM156	0.98200876
NSD1	0.98200136
CDC73	0.9819814
LIFR	0.98197126
ROCK1	0.98193073
AARS1	0.981905
PRAMEF1	0.98188275
FEV	0.9818528
GATA4	0.98183924
FEV	0.9817882
ATAD2B	0.9817453
PRKD1	0.98170894
POLE	0.9816941
TIMM17B	0.98169285
TBX3	0.9816889
CHD6	0.9816036
MAML2	0.9815521
FAM47C	0.9815486
TNC	0.98146594
PAX8	0.98138434
NBEA	0.98137814
CSMD3	0.9813361
MUC16	0.9813212
NBEA	0.98121643
UBR5	0.9812101
PDGFRA	0.9812019
TNC	0.98115665
FBXO11	0.98115045
RAD21	0.98112357
A1CF	0.98109317
GNAQ	0.9809835
PDGFRA	0.980969
FEV	0.9809621
CHEK2	0.9809595
PDGFRA	0.98095465
MUC16	0.9809012
CNTNAP2	0.98088366
CSMD3	0.9808635
NTRK3	0.98079234
CDC73	0.98074937
AXIN2	0.9807196
NT5C2	0.98066396
TNC	0.9806136
FEV	0.9806028
NRG1	0.98055345
LMO2	0.98053604
ACVR1C	0.98052794
GABRG2	0.98040795
TNC	0.98038936
FEV	0.98033994
PPP4R1	0.98031324
GRIA2	0.9802616
FEV	0.9802511
CTNNB1	0.9802337
CNTNAP2	0.98022026
NSD1	0.9801978
NACA	0.9801886
NOTCH2	0.9801314
TPH2	0.98010606
TNPO3	0.98002946
UBR5	0.97984904
PTPRD	0.9796931
CDH11	0.9796869
SMAD4	0.979597
TNC	0.97957987
MAP3K1	0.97953594
SAMD9L	0.9795127
GNAQ	0.9794733
RPL22	0.9794326
NTRK3	0.9793793
SETD2	0.9793614
CDH2	0.979336
CHEK2	0.97933584
ABL2	0.97933465
NTRK3	0.97927624
FBXL7	0.97926295
PTPRD	0.9792615
SPPL3	0.9791953
COL11A1	0.97917753
FEV	0.9790858
CTNNB1	0.9790391
ZNF479	0.9790263
VWA2	0.97898924
SLC4A10	0.97896737
IMPG1	0.9789385
PDGFRA	0.97891283
PDGFRA	0.9789008
PAIP1	0.97884595
GSPT2	0.9788296
SVEP1	0.9788272
IMPG1	0.9788118
MUC16	0.97880876
IMPG1	0.9787837
COL3A1	0.9787116
FLNA	0.9786433
POLE	0.9786302
CDH10	0.97855556
MFAP1	0.97851175
NTRK3	0.9784186
HCN4	0.9783312
CHD4	0.97828865
PDGFRA	0.9782727
MUC16	0.9782438
CDK4	0.97820693
ATP2B2	0.9781839
HTR7	0.9781383
RGS22	0.978092
ACSL1	0.97784096
FBXL7	0.9777518
MUC16	0.97766745
CNTN5	0.97763413
ZEB2	0.97760487
COL11A1	0.97758174
CSMD3	0.9775792
POLQ	0.9775376
CHD4	0.97747874
ROBO2	0.97747207
KLHL30	0.9774501
SETD2	0.97744167
CTNNB1	0.97738546
GOLGA1	0.9773356
KCNH7	0.9773117
POT1	0.9772762
HIBCH	0.9772317
OPN3	0.9772202
CSMD3	0.9771709
CHD4	0.97711843
MUC16	0.977047
MTMR12	0.97704214
SCN2A	0.97697186
EYA1	0.97696227
MUC16	0.976911
PCDH10	0.9768847
CHD4	0.97683936
CDC73	0.97680634
SETDB1	0.97679883
ASPM	0.97674215
GNAQ	0.9767113
HIP1	0.9766819
PTPRC	0.9766366
CSMD3	0.97658205
NBEA	0.9764742
LRP1B	0.97644395
NBEA	0.9764402
CDH11	0.97642994
EYA1	0.9764058
MUC16	0.9764014
GNAQ	0.97638446
LSAMP	0.9763607
MUC16	0.9763266
PRKD1	0.97631085
KLHL13	0.97628254
NTRK3	0.9762673
ASPM	0.97626203
RGS7	0.9762103
POLA2	0.97617483
CSMD3	0.9761618
CTNND2	0.9761462
EPHA7	0.97611606
PPP2R1A	0.97597134
CTNNB1	0.9759288
ANK2	0.97591543
CHEK2	0.9759005
PPP2R1A	0.97588307
PTCH1	0.9758134
MUC16	0.9758039
CTNNB1	0.9757645
BRCA1	0.9757536
TNC	0.9757349
LEF1	0.97566503
MTOR	0.9756586
ASPM	0.9756219
NR5A1	0.9756164
OSBPL9	0.9755375
FZD2	0.97552377
FGD6	0.9754239
CTNNB1	0.97532713
NTRK3	0.9752934
NBEA	0.97529316
GRIN2A	0.9752718
MUC16	0.9752508
ASPM	0.9752307
TNC	0.97522515
PKHD1L1	0.9751965
ATP1A3	0.9751915
LRP1B	0.97516644
CASP3	0.97514397
SETDB1	0.9751414
SELENOI	0.9750546
CSMD3	0.97503656
VPS33A	0.9750284
ASPM	0.97500783
CTNNB1	0.97495365
CTNNB1	0.97487307
CACNA1B	0.9748469
CTNNB1	0.97478956
EPHA3	0.9747644
CNTNAP2	0.9747643
PRKD1	0.97471195
PPP2R1A	0.9746793
ADAMTS2	0.9746674
NAV3	0.974636
GNAQ	0.974613
PDGFRA	0.97458637
CTNNB1	0.97445995
CNTNAP2	0.9743858
NTRK3	0.97438294
COL16A1	0.9743761
CTNNB1	0.974376
TRPC4	0.97435784
EYA1	0.97431993
PPP2R1A	0.9743134
MUC16	0.9742093
NBEA	0.9741918
NTRK3	0.9741275
PDGFRA	0.9741217
CCDC190	0.9740893
CTNNB1	0.97407055
NBEA	0.97400296
IPCEF1	0.9739092
MUC16	0.97388524
GUCY1A2	0.9738172
TNC	0.97380286
FAT1	0.97379327
CAMTA1	0.9737847
SLC5A8	0.9737821
PDGFRA	0.97375983
MTMR8	0.97374225
ROCK1	0.97370404
IVL	0.9735961
MUC16	0.9735536
LRP1B	0.9734969
ZNF521	0.9734816
STXBP4	0.9734281
MEGF8	0.9733641
FZD4	0.97332823
ABCC5	0.97314215
TNC	0.9731222
ATP13A3	0.973117
CACNA1A	0.9730883
GRM1	0.97304755
TNC	0.97304004
NSD2	0.9730351
STYXL1	0.9730156
NBEA	0.97299075
MTOR	0.9729838
IL21R	0.97286254
HTR7	0.97277987
CNTNAP2	0.97276014
SLCO1B3-SLCO1B7	0.9727382
CTNNB1	0.972702
NSD1	0.97267294
UBASH3A	0.9726602
CACNA1E	0.972639
MMRN1	0.9726137
GUCY1A2	0.9725769
FAM47C	0.97257113
PDGFRA	0.97253615
DCT	0.9725315
CSMD3	0.9725284
CYSLTR2	0.97252405
CNTNAP2	0.972478
CTNNB1	0.9724663
CTNNB1	0.9724284
KDR	0.972421
NAPEPLD	0.97242093
CSMD3	0.9723764
ABCA8	0.9723715
CDH10	0.97226185
ERG	0.97218394
JAK1	0.9721828
ANK1	0.9721689
ABCC1	0.9721297
PDYN	0.9721012
MTOR	0.9720649
NCOR2	0.97206444
ACVR1B	0.9720563
MUC16	0.97202927
MAP3K1	0.97183514
SEL1L	0.9718073
CSMD3	0.9717792
NDUFAF7	0.97166824
ASPM	0.9716629
ERG	0.9716173
CCDC6	0.97156215
LRP1B	0.9715365
CSMD3	0.97149426
FAT1	0.9714919
ASPM	0.9714827
NOTCH2	0.97147024
LRP1B	0.9714403
FAM47C	0.97137123
MYH11	0.9713646
PPP2R1A	0.9712511
SYNE1	0.97124165
COL3A1	0.9712296
PATZ1	0.9712282
GRIA2	0.97121316
CTNNB1	0.9711771
CSMD3	0.9711489
GABRG3	0.97111356
CSMD3	0.9711038
ERG	0.97107637
IMPG1	0.97107494
MUC16	0.9710477
PABPC1	0.9710017
PRR27	0.97099644
NBEA	0.97093725
ARMC9	0.9709005
GRIN3A	0.9708801
XPO1	0.9708596
GNAQ	0.9708557
TENT5A	0.97084415
ECHS1	0.97080946
ELL2	0.9707926
PATZ1	0.970777
DNAH11	0.9707589
CTNNA2	0.97073025
CADPS2	0.9706817
CCDC6	0.9706425
PDGFRA	0.97057265
AXIN1	0.9705693
ERG	0.9704952
CTNNB1	0.97049385
CSMD3	0.970463
IMPG1	0.97045594
PDGFRA	0.97045034
CTNNB1	0.9703772
HCN1	0.97035664
MUC16	0.9703557
MUC16	0.9703388
CTNNB1	0.97032565
PPP2R1A	0.9702622
IL1RAPL1	0.97020864
CTNNB1	0.9701875
STOML3	0.9701418
STOML3	0.9701177
CTNNB1	0.97009367
SH3RF1	0.9700666
CTNNB1	0.97001594
POLE	0.96999735
GNAQ	0.96999454
CTNNB1	0.96998805
MUC16	0.9699567
CTNNB1	0.96991074
CSMD3	0.96987855
DNMT3A	0.9697633
LRP1B	0.96974
FAT3	0.9696717
TSHZ2	0.9696596
SALL4	0.96963704
NOTCH2	0.96956116
EYA1	0.9694498
ALK	0.9693808
ASPM	0.9693079
KMT2D	0.96930647
ASPM	0.96928144
LRFN5	0.9692407
PAX7	0.9692325
ATRX	0.96922725
BRSK1	0.9692042
CTNND2	0.96919525
MUC16	0.9691927
NTRK3	0.9691836
PREX2	0.969159
NBEA	0.96914995
GRIA4	0.9691084
ADGRA1	0.96905893
ATRX	0.96902627
NTRK3	0.9690261
NTRK3	0.9690081
KCTD16	0.96895915
SIN3A	0.96892333
GATA3	0.9689067
MYH11	0.9688858
COL24A1	0.96881884
PPP3R2	0.9687609
MMP16	0.96874666
CSMD3	0.96871305
POLE	0.9686853
FANCM	0.96867067
IMPG1	0.96861327
ASPSCR1	0.9684897
FAM135B	0.9684466
PPP2R1A	0.9684451
FAM135B	0.9684297
SLAMF1	0.96839654
LRP1B	0.9683881
PTPRD	0.96827793
SLC35G2	0.968257
ERG	0.96824205
TRRAP	0.96820664
EPHA3	0.9682012
PPP2R1A	0.9681951
MUC16	0.9681177
MASTL	0.9680828
EPHA7	0.9680637
HGF	0.9680365
MUC16	0.9680358
MYO5A	0.9680137
FRMPD4	0.9680072
ADGRL2	0.96791863
ZNF292	0.96791744
VPS35	0.96791506
ATRX	0.9679068
POLE	0.96785915
PRAMEF1	0.9678362
ATR	0.96779656
CHEK2	0.9677552
PXDNL	0.96774447
TRIL	0.9677193
GNAQ	0.9676534
IKZF1	0.96765214
NEXMIF	0.96764874
CTNNB1	0.9676061
AMMECR1	0.9675934
NOTCH2	0.9675787
KMT2D	0.96751004
CCT6B	0.9674232
HOXA13	0.96740294
RAD17	0.9673484
XYLT1	0.9673437
ATP2B3	0.9672743
LRP1B	0.96725374
CACNA1B	0.96723086
PTPRT	0.96721053
LRP1B	0.9672047
PTPRD	0.96717685
PTPRD	0.9671688
STOML3	0.9671683
CD274	0.9671501
ZNF479	0.9671452
BICD1	0.9671011
ANK1	0.9670395
PDZRN3	0.96701497
KCNJ12	0.9670087
PAX7	0.9669323
TSHR	0.9668782
PTPRD	0.96686655
SALL4	0.96684915
MUC16	0.96677405
SWT1	0.9667344
FNIP1	0.96670634
ERG	0.9666912
FAT4	0.96668786
RUNX1T1	0.9666775
LRP1B	0.9666354
HECW2	0.966633
CCR4	0.96662176
CSMD3	0.9666213
TMEM63C	0.9665994
ZNF479	0.9665825
NPY1R	0.96655494
CSMD3	0.9665536
DIAPH2	0.9665518
CTNNB1	0.96653676
ZNF479	0.96651584
CSMD3	0.9665131
ERBB4	0.9664873
GOLGA1	0.9664562
PAH	0.96645296
ADGRL3	0.96644914
LSMEM2	0.96644485
CTNNB1	0.96639055
MUC16	0.96638674
GRIN2A	0.9663844
EVPL	0.96638215
FAT3	0.96636784
CDH18	0.96635777
ZNF18	0.9663482
PDGFRA	0.9663073
MEN1	0.9663024
CTNNB1	0.96629804
LEF1	0.96624523
GUCY1A2	0.96624136
NSD1	0.9662229
ESF1	0.9661906
NUDT12	0.9661732
NDRG1	0.9661671
ERBB4	0.9661346
CTNND2	0.9661314
ZMYM4	0.9661247
ATRX	0.9661059
RAP1GAP	0.9661038
FIP1L1	0.96610314
KCNB1	0.96609515
ANK1	0.9660918
CPS1	0.96596754
LTF	0.96595085
KMT2D	0.96574014
PLAA	0.9656642
CDH11	0.965631
ATRX	0.9656107
ERG	0.96560264
CSMD3	0.9655078
CNTNAP2	0.96549755
CORO2B	0.96548474
ZEB2	0.965387
CTNNB1	0.9653781
ANK1	0.9653527
PPP2R1A	0.96526146
PPIG	0.9652357
P2RY8	0.9651592
MBD5	0.96513206
RNF213	0.9651278
ANK1	0.9651272
ERG	0.96507955
ZNF521	0.96507317
GRIK3	0.96503896
TIMM17B	0.96501076
CTNNB1	0.9650065
RESF1	0.9650005
CSMD3	0.9649481
PAX5	0.964912
CCDC6	0.9648976
ANK1	0.9648943
CACNA1D	0.96483445
MUC16	0.96480095
CTNNB1	0.9647579
CTNNB1	0.96475786
NPAT	0.9647277
STAG2	0.9647251
UBR4	0.9646639
FAM47C	0.96464497
ROS1	0.9645726
TNC	0.96456295
KCND1	0.9645415
NALCN	0.96448576
KDR	0.96446973
HGF	0.96443313
PRAMEF1	0.964372
CSMD3	0.9643062
PDGFRA	0.9642779
KCNA10	0.9642681
CTNNB1	0.9642564
CSMD3	0.9642017
PDGFRA	0.96419954
RPN1	0.9641364
PCDHGA8	0.9640882
ATRX	0.9640666
IMPG1	0.96406585
ERG	0.9640107
SFRP4	0.963987
DNAH8	0.96393186
CSMD3	0.9639156
SETDB1	0.96388054
TNC	0.9638715
ATR	0.9637994
HERC2	0.96379936
CHL1	0.9637704
ATRX	0.96375877
SH3PXD2A	0.963753
ANK1	0.96362174
ATRX	0.9636167
SOS1	0.9635528
ANK1	0.9635368
MDGA1	0.96347106
TSHR	0.9634606
PLEC	0.9634384
EPHA7	0.9633695
MYH11	0.9632598
GRM3	0.9632576
SCN3A	0.9632338
EIF3E	0.9632131
USP9X	0.9631363
RNASE10	0.9631319
SLC25A12	0.96312195
SH3BGRL2	0.9630113
ERBB4	0.9630058
LRP1B	0.9629803
DPYD	0.96296734
BMPR1A	0.9629554
RSPO2	0.96294975
ANK1	0.9629338
DGKI	0.9629085
RANBP2	0.9629028
CSMD3	0.96288216
PTPRT	0.96287614
KLHL5	0.962791
ABHD17B	0.96277016
DCTN1	0.96270424
SEMA6D	0.9627006
CALN1	0.96259254
EPHA7	0.9625767
CFAP44	0.9625341
RSBN1	0.9625192
CTNNB1	0.9624398
PLEC	0.962408
KDM5C	0.9624069
FAM47C	0.96238214
BCOR	0.96237564
ANTXR1	0.96233535
PCDHB4	0.962315
ANK1	0.9623056
YOD1	0.96230316
ERG	0.96230215
ZBTB20	0.96227735
CSMD3	0.96226424
TRIM33	0.9622556
FAM47C	0.9621867
NOTCH2	0.96217144
FAT3	0.9621424
MUC16	0.9621403
MUC16	0.9621334
PTPRT	0.9620631
TBCK	0.96205676
SALL4	0.9620384
CSMD3	0.96201396
PDE4DIP	0.9620085
LHX3	0.9619784
MYT1L	0.9619173
PPP2R1A	0.9619065
SSMEM1	0.96190596
NBEA	0.96189797
ATRX	0.9617924
ANK1	0.96178925
OGT	0.96178925
EPHA7	0.9617675
IKZF2	0.9617438
CTNNB1	0.9617099
CTNNB1	0.96167874
ABCC5	0.96166325
RSPO2	0.96165174
RRM2	0.9616507
MYH11	0.96163774
MUC16	0.9616144
XPC	0.96156126
MUC16	0.961519
CSMD3	0.961492
MUC16	0.96149135
MUC16	0.9614233
MUC16	0.9613657
FAT3	0.961352
EIF1AX	0.9613506
TBX3	0.96128905
ERG	0.9612813
BDH1	0.9612574
ANK1	0.9612068
CHRDL1	0.9611819
TPH1	0.96117467
ZNF81	0.9611356
ANK1	0.9610743
DGCR8	0.9610598
ZFYVE28	0.9610594
GABRA4	0.96104914
MAGEC3	0.9610453
ZNF521	0.96102744
EPHA7	0.96101594
FLT3	0.96097577
KMT2C	0.9609757
SEMA3A	0.9609536
CTNNB1	0.9609401
ATRX	0.9609314
CTNND2	0.96091014
BCL11B	0.96088845
CTNNB1	0.9608379
TBX18	0.96077865
PPP2R1A	0.96075594
DLGAP2	0.96075034
MRE11	0.96071213
LMAN1	0.9605953
GPR171	0.9605731
PRKD1	0.96052045
POLE	0.96050155
DROSHA	0.9603882
MAP3K1	0.9603442
ERG	0.9603248
FBN3	0.96015483
ARHGAP35	0.9601339
HCN1	0.9600437
TTC5	0.9600248
CTNNB1	0.96000016
ERBB4	0.9599559
ERBB4	0.95991683
ANK1	0.9598582
CTNNB1	0.9598457
PRKD1	0.9598007
ERG	0.9597998
LRP1B	0.95978147
TSHR	0.95976365
CNTNAP2	0.95976
ADAMTS2	0.95974237
FAT3	0.9597333
LRP1B	0.95972776
CTNNB1	0.95969135
ZNF479	0.9596775
CTNNB1	0.959677
LTBP1	0.959597
RHOT1	0.95956105
SIPA1L2	0.9595022
XIRP2	0.9594978
TGFBR2	0.959493
NTRK3	0.95938754
MUC16	0.95938736
SLC26A5	0.95937973
MYH1	0.9593731
A1CF	0.9593567
FH	0.95931673
GRIN2A	0.959257
DNMT3A	0.9591855
PRKD1	0.95917785
PELI2	0.95917505
FAT4	0.95917094
CNTNAP2	0.9591693
RUNX1T1	0.95915437
NOTCH2	0.9590907
NTRK2	0.9590781
LMO1	0.95907265
ZRANB3	0.9590459
VPS33A	0.9590322
CSMD3	0.9589704
EBF1	0.958965
STRN	0.9589287
CPS1	0.95885676
APC	0.9588225
LRP1B	0.95876706
LRP1B	0.95875376
SLC8A1	0.95870554
TNN	0.9586879
SLC40A1	0.95868737
RSPO2	0.9586137
SMC1A	0.95859385
MYO1C	0.9585803
ATR	0.95854974
PCSK7	0.9585432
ATRX	0.9585426
COL1A1	0.95847106
MYO1C	0.95845443
TBX3	0.9584301
MYH11	0.95842636
HGF	0.9583956
MUC16	0.95837855
CSMD3	0.9583504
ERG	0.9583359
PCDH15	0.95833534
COL2A1	0.9583222
SLC9B1	0.9582952
CTNNB1	0.95821375
DGCR8	0.9581693
PRKD1	0.9581061
COL1A1	0.9580844
PIGA	0.9580517
ATRX	0.95801055
CSMD3	0.95795995
A1CF	0.95795494
SETDB1	0.9579448
DLG1	0.95792806
N4BP2L2	0.957862
CSMD3	0.9578436
ITIH5	0.95782363
ELMO1	0.9578218
RC3H1	0.957821
CSMD3	0.9576923
STARD13	0.95762026
CREBBP	0.95760703
GABRB2	0.9575895
CSMD3	0.9575641
PPP2R1A	0.9575607
LRP1B	0.95752835
EZH2	0.95748913
CPS1	0.9574837
CSMD3	0.95745325
PPP2R1A	0.9574311
GRIA1	0.95742553
NBEA	0.95741695
DCDC1	0.9573433
COL1A1	0.957335
MMP16	0.9572399
NTRK3	0.95723265
NRAS	0.95721674
CNTNAP2	0.9572135
PRKCB	0.95718515
ZNF536	0.9570656
MUC16	0.95703346
ERG	0.9570238
CCDC171	0.9570034
F13A1	0.9569981
GRM1	0.95697975
KDM5C	0.9568792
FAM135B	0.9568784
ATRX	0.956874
EPHX1	0.9568483
PHKA1	0.95683956
PRF1	0.9568174
TRAPPC6A	0.95678973
CHSY1	0.9567869
DRD1	0.95672566
MUC16	0.9567045
NEB	0.9566178
ALK	0.9566158
CTNND2	0.9565803
NR4A3	0.95657307
KDR	0.9565446
MCRS1	0.9565029
SIRPA	0.9565012
EPHA7	0.9564847
PAX7	0.9564811
PPP1R15B	0.9564788
A1CF	0.95647216
MUC16	0.95646816
OPRM1	0.95644706
CHRM5	0.95644486
TP63	0.9564123
GNAQ	0.9563961
ATRX	0.95635647
KLK2	0.9563249
PDGFRA	0.95631677
IGF2BP2	0.95630765
CTNND2	0.95629525
GPR50	0.956293
GRIN2A	0.9562064
CSF1R	0.95619607
ZMYM3	0.9561912
MYH3	0.9561491
TLX1	0.9561295
MUC16	0.95608157
RIPK2	0.956028
PPP2R1A	0.9560049
UBR5	0.95594215
RNF130	0.955931
GATA3	0.9558295
COL1A1	0.9558177
EPHA7	0.9558019
CARD11	0.9557626
RPS6KA4	0.95574456
ELL	0.9557444
ERMARD	0.9557158
MAGI2	0.9556522
ANK1	0.9556413
EPB41L2	0.9556319
TNC	0.9555697
TNC	0.95556456
PTPRD	0.95556176
ITK	0.95555633
CNTNAP2	0.95553267
CSMD3	0.9554472
CNTNAP2	0.9554185
ZNF521	0.95538896
TFPT	0.9553691
CYP2C19	0.95533204
CCND2	0.9552884
EIF3E	0.9552283
POT1	0.955222
ANK1	0.9551863
MTOR	0.9550117
DUS3L	0.9549819
CDH2	0.95496905
CARD11	0.9549374
RAVER2	0.9548765
SLC6A2	0.9548716
POLE	0.95484555
LRP1B	0.9548409
ERG	0.95483875
MECOM	0.95480996
MUC16	0.9548062
LRP1B	0.9548006
PRKD1	0.9547911
CTNNB1	0.9547695
CSMD3	0.9547228
NBEA	0.9547117
APC	0.95469445
NDST4	0.95464075
TNC	0.9546216
MUC16	0.95462054
PRPF8	0.95460784
NETO1	0.9545676
MYH4	0.9545642
MUC16	0.95455337
PAX7	0.9545194
MUC16	0.9544989
FAT3	0.9544927
EIF2AK3	0.95447993
NBEA	0.95446855
IPP	0.9544591
ATRX	0.9544578
SOS1	0.95444846
PTPRT	0.9544334
CARD11	0.9543984
CSMD3	0.954385
AF196969.1	0.9543152
HS3ST1	0.95427907
ACTC1	0.9542633
CNTNAP2	0.95421433
NELL2	0.9541885
CAMK4	0.95415556
CTNNB1	0.9541023
SLC12A3	0.9540949
EPHA7	0.95408845
CARD11	0.95408016
CSMD3	0.95406973
ERG	0.95404404
NBEA	0.95403415
PAMR1	0.9539942
EPAS1	0.95398396
BAG6	0.95397204
LMO2	0.95396364
CCDC6	0.9538735
CNTNAP2	0.95384383
GATA3	0.95380026
CSMD3	0.9537767
EYA4	0.9537353
LRIG3	0.9537333
PAK5	0.953718
FAT3	0.95371133
SLIT2	0.9535572
CNTNAP2	0.9535162
FAM135B	0.9534719
DGCR8	0.9533851
TENM2	0.9533459
PTCD3	0.9533259
LIMS2	0.95330197
ERG	0.95330024
PLB1	0.9532974
ST6GAL2	0.95329607
PMS1	0.95322394
CNTNAP2	0.953187
KCTD9	0.95315295
RGS7	0.9531433
USH2A	0.95312697
GPC6	0.95309174
PTPRD	0.95307446
RP1L1	0.95301354
FRY	0.9529885
CSMD3	0.9529753
CSMD3	0.952968
ATRX	0.9529672
EPHA3	0.9529519
CTNNB1	0.9529512
GUCY1A2	0.9529392
ERG	0.95292455
ZNF521	0.9529004
FBXO11	0.95288414
ALK	0.95287955
SLC6A2	0.95278835
PUM2	0.95275617
NBEA	0.9527452
CTNNB1	0.9527406
KCNJ11	0.9527303
SYTL4	0.9526696
HGF	0.9526654
FAM135B	0.9526493
FAM135B	0.95262295
CNTNAP2	0.95260304
LRP1B	0.95253175
WNT7A	0.9524972
MUC16	0.95247626
NTRK2	0.9524272
BIRC6	0.95236796
MUC16	0.95234156
CDH10	0.95233685
CRNKL1	0.95229757
MYO1C	0.95226157
CTNNB1	0.95222867
CSMD3	0.95219857
FLCN	0.952186
MTMR6	0.9521651
CTNNB1	0.9521341
GNAS	0.95210946
SLC8A1	0.9521094
CNTNAP2	0.9520981
NELL2	0.95208186
CBLB	0.9520663
DNTTIP2	0.9520253
ZNF479	0.95200735
AASS	0.9519897
FBXO11	0.951865
EFR3A	0.9518482
CDC42BPA	0.9518317
ERG	0.9518284
HECTD4	0.9517941
PPP2R1A	0.9517635
CTNND2	0.9517118
NSD3	0.95166105
NOTCH1	0.9516595
GABRB3	0.95164
GPC5	0.9515177
LDHD	0.95147455
SEC23A	0.95144975
MTMR2	0.9514329
CTNNB1	0.9513848
MUC16	0.95138234
GRIN3A	0.9512955
UBE3A	0.9512545
CALN1	0.9512471
LRP1B	0.951219
GPR55	0.95121837
PTPRK	0.9511096
DGCR8	0.9510818
FOXA1	0.95107675
CDH10	0.95107645
TTN	0.95107186
CNTNAP2	0.9510521
PITX2	0.9510472
CTNNB1	0.9510359
NPR3	0.95101506
COL5A2	0.9509663
DPP10	0.95095193
TSHR	0.9508727
ERG	0.9508569
TTC29	0.9508333
GRIN2B	0.9508055
NTRK3	0.9507892
MUC16	0.95074505
EIF2AK3	0.95074254
FAT1	0.9506524
RFX3	0.95064574
CNTNAP2	0.95064175
MUC16	0.9506018
CTNNB1	0.9505997
FAT3	0.9505815
CSMD3	0.9505531
ERBB4	0.95052224
NFRKB	0.9505162
FAT3	0.95051175
FAT3	0.95049304
CSMD3	0.95049286
NBEA	0.9504587
CNTNAP2	0.9504259
CSMD3	0.9504237
NR4A3	0.95041543
IKZF1	0.9504018
ERG	0.9504006
FAT3	0.95036113
EPHA7	0.95035917
ADCY3	0.9503523
PROKR2	0.9503304
SLC17A1	0.9502731
PDE10A	0.9502616
CACNA2D4	0.95024943
AL592490.1	0.9502017
FANCM	0.9501795
GATA3	0.95016253
GRID2	0.9501463
BCL6	0.9501161
CTNNB1	0.950108
MTOR	0.9500671
DUSP6	0.95005834
ARHGAP35	0.95005786
CDH8	0.9500423
ASXL2	0.95002276
RIPK3	0.95001876
YARS2	0.9499545
CACNA1F	0.9499224
CNTNAP2	0.94991285
GPHN	0.9498903
CSMD3	0.9498514
TTC14	0.94984716
GRIN2A	0.9498349
SOS1	0.9498128
FOXA1	0.9497988
DICER1	0.94978285
RERGL	0.9497715
GABRB1	0.94973963
MUC16	0.9497323
RSPO2	0.9497078
FAT3	0.9496892
IGSF1	0.94966835
UGGT1	0.9496621
ANK1	0.9496463
CTNNB1	0.9496254
MUC16	0.94954264
CSMD3	0.9494751
COPA	0.9493848
MAP2K1	0.949381
CSMD3	0.9493634
RSPO2	0.9493614
CSF1R	0.9493588
CNTNAP2	0.9493536
LRP1B	0.94935155
BMP5	0.9493493
KDR	0.9493226
CDH10	0.9493147
CAMTA1	0.9493079
ALK	0.9492773
UBN2	0.94927394
SLC39A6	0.94925785
PTPRT	0.9492426
ALK	0.94921726
RSPO2	0.9492109
SIRPA	0.9492049
MYO1C	0.9491809
MUC16	0.949179
RSPO2	0.9490862
HIP1	0.9490858
CPXM2	0.94908524
TRPV4	0.94905937
CSMD3	0.9490347
NBAS	0.94898194
LRP1B	0.94895494
ERG	0.94887793
SALL1	0.9488227
PHKB	0.9487145
LAMA1	0.9486521
MECOM	0.9486116
LRP1B	0.9486043
ANK1	0.94855595
JAG2	0.9485468
MUC16	0.94854057
MUC16	0.94850457
ABL2	0.94846904
MYO6	0.94844663
KDR	0.9483854
SMAD3	0.94837666
ALPI	0.9483623
ASTN1	0.9483454
BICC1	0.9483002
DUSP6	0.94826883
CSMD3	0.94825196
NPAS3	0.94823855
MSI2	0.9482306
GATA3	0.94820344
COL2A1	0.9481902
GNAQ	0.948187
FAT1	0.9481814
CSMD3	0.94817495
KCNS3	0.94817466
ERG	0.948082
TFPT	0.9480781
CDH18	0.9480548
HYAL4	0.9480485
CNTNAP2	0.9480377
RSPO2	0.94803643
CSMD3	0.9480284
PIK3CB	0.9480103
FAM47C	0.9480102
ADGRA3	0.9479309
SEMA6A	0.9478675
NBEA	0.9478533
SERGEF	0.9478308
LAMA4	0.94782823
LHX9	0.9478098
HSP90AA1	0.94780475
CTNNB1	0.9477617
ANK1	0.9477094
CSMD3	0.94770706
ARHGAP21	0.9476688
FBXL7	0.9476091
PLEKHG3	0.94751626
LRP1B	0.9474954
SF3A1	0.9474927
MCM2	0.9474775
SDHB	0.94747555
KDM4A	0.94744223
UBR5	0.947358
MKI67	0.94731414
SYT7	0.9473125
ASPM	0.9473098
CBLB	0.9473089
RSPO3	0.9472888
HELZ	0.9472826
MUC16	0.9472642
LRTM2	0.94721687
ANK1	0.94720346
HERC1	0.9471998
MUC16	0.94716704
ARHGAP21	0.9471607
ERG	0.9471246
PPM1D	0.9471231
CCDC6	0.94712144
FCRL4	0.94710773
STXBP5L	0.9470623
CNTNAP2	0.9470459
KLHL20	0.9470437
SATB2	0.9470414
CRNKL1	0.94701
XPNPEP2	0.94699657
CSMD3	0.9469943
TATDN1	0.94698524
DUSP6	0.94694376
RSPO2	0.9469236
IKZF1	0.9468787
OLFM3	0.94687635
STIM1	0.94686675
RSPO2	0.946865
HGF	0.9467808
SMO	0.9467285
AFF3	0.94670546
BIRC6	0.9466954
MUC16	0.94669056
DRC1	0.9466764
HGF	0.94665676
CLCA4	0.9466158
HOXB4	0.9465838
LRP1B	0.94656795
ANK1	0.94654644
SRPX	0.9465026
NOTCH1	0.9464501
KIF5A	0.94644934
C12ORF66	0.9464479
ERBB4	0.94641215
NRAS	0.9463919
CPS1	0.94638157
NTRK3	0.94634235
USP24	0.9463282
YTHDF2	0.94630325
FAT4	0.9462965
GATA3	0.9462892
CNTNAP2	0.946286
ZIC4	0.94626755
FLNA	0.9462614
ENPEP	0.94624436
EPHA3	0.94622046
LIPI	0.94616216
LRP1B	0.9460816
AGPAT2	0.9460747
DPAGT1	0.94603837
PLAG1	0.9459892
SETD2	0.9459781
MYO5A	0.94596815
TBX15	0.9459595
P4HA1	0.9459398
GNAQ	0.94592464
MUC16	0.945905
VEPH1	0.9458947
TATDN1	0.94584
IFT88	0.9457993
NUP214	0.9457656
CNTNAP2	0.94576156
PKNOX1	0.94575286
CNBD1	0.9457487
NCOR2	0.9457483
CDH10	0.9457029
CNTN5	0.94568056
TENM2	0.94567245
ATRX	0.94564086
OR10H5	0.94563526
RSPO2	0.94563496
FAT3	0.94563365
MUC16	0.9456066
NECTIN3	0.94557405
ELN	0.9455699
CSMD3	0.9454714
ERG	0.94546986
KAT6A	0.9454349
MSH6	0.9454273
BRD3	0.94538575
TEC	0.94537175
DNAH11	0.9453537
CBLB	0.94531757
SGK1	0.9453081
ALDH2	0.9452881
CNTNAP2	0.9452398
MAGEB4	0.94523454
MYO18B	0.9452083
LRP1B	0.94517267
CRNKL1	0.9451234
MUC16	0.9450766
SMAD4	0.9450766
HOXA11	0.9450295
ROBO1	0.9449962
MMGT1	0.9449508
ERBB4	0.94492406
CTNNB1	0.94489527
GTF2I	0.94489205
ENPEP	0.9448707
CSMD3	0.94478834
ATRX	0.9447714
SLITRK4	0.94473195
NOTCH2	0.94467884
SLC36A1	0.944665
KCNH2	0.944629
FAM135B	0.9446175
CNTN1	0.94456834
OR52N5	0.9445509
MUC16	0.9445427
ADAM10	0.9445091
ERG	0.9444393
CNTNAP2	0.9444034
CNTNAP2	0.9443726
KDR	0.94433373
RAB3IP	0.9443024
CTSE	0.94428396
GAD2	0.9442691
NRG1	0.94418174
SVEP1	0.9441468
FAT3	0.9441429
LEF1	0.9440782
PTPRD	0.94404536
ANK1	0.9440285
KCNV2	0.9440142
NOVA1	0.9438622
SFPQ	0.94384056
UBR5	0.9438382
DCAF12L2	0.94379735
DUSP6	0.9437285
ALK	0.94365925
HCFC1	0.9436223
SLC39A1	0.94359195
HCLS1	0.94357973
PRPF40B	0.9435726
SUN3	0.94354135
BARD1	0.9435347
PTCH1	0.94353074
MUC16	0.9434992
HOXA5	0.94341123
TENM2	0.943389
PLEC	0.9433167
SLC9A1	0.94326353
ZFHX4	0.9432624
HGF	0.94323975
ZNF582	0.94323397
RSPO2	0.94321
FAT1	0.9431961
PRPF4B	0.9431915
LRP1B	0.9431755
SPATA22	0.94315034
RSPO2	0.94312763
CTNNB1	0.9430818
MYLK4	0.9430584
CSMD3	0.9430204
FLT3	0.94301784
SARS1	0.9429879
EPHA3	0.9429808
MRPS27	0.9429788
ERCC3	0.9429104
BCORL1	0.94288385
KCNT2	0.9428586
ZFHX3	0.9428545
RYR2	0.9428434
SLC44A5	0.9428321
NCOR1	0.94278437
KDM6A	0.9427802
POLE	0.942779
RIMS4	0.94276744
CSMD3	0.94273394
VAX1	0.9426872
SUPT3H	0.9426496
A4GNT	0.9426481
TRPC6	0.9426445
ERBB4	0.9425439
GPC5	0.9425308
PAX7	0.9425232
ATP10B	0.94251883
ERG	0.94250304
MICAL2	0.94250077
SMO	0.9424905
CNTNAP2	0.9424852
E2F6	0.9424826
DGKB	0.94244564
TRIM46	0.94243777
BMP5	0.9424336
ERBB4	0.9424161
ATRX	0.9424108
CD1B	0.9423879
FAT1	0.9423738
CNTNAP2	0.9423405
RC3H1	0.94233984
DCUN1D4	0.9423384
MB21D2	0.9423281
SNCAIP	0.9423212
MUC16	0.94230884
RADIL	0.9423033
MICAL3	0.94228137
PDGFRB	0.9422465
DCC	0.9422299
SERPINB11	0.9422065
MUC16	0.9421832
MUC16	0.94216037
MYO7B	0.94198906
YWHAG	0.9419767
PTPN13	0.9419689
C2CD3	0.94195616
MUC16	0.9419484
DICER1	0.94192314
TFPT	0.9418835
FAM135B	0.9418554
ADCY1	0.9418288
KMT2D	0.9418156
TFPT	0.9418042
CSMD3	0.94179314
HGF	0.9417835
TRIM33	0.94176626
RUNX1T1	0.94176435
TSHR	0.9417476
PDGFRA	0.94172186
USH2A	0.941708
KYAT3	0.941697
ATR	0.94169
ECT2L	0.9416877
RNF169	0.9416646
TRPA1	0.94162667
MAGEB2	0.9416187
POLQ	0.94161475
ITPR3	0.94159436
SACS	0.94156224
TP63	0.94153583
SETBP1	0.9415305
FAM47C	0.9415104
KLK8	0.94147843
NTRK3	0.94146955
LRP1B	0.94141847
CDH10	0.9413922
CTNNB1	0.94136983
MSH6	0.94133013
BRINP3	0.9412786
TNFRSF12A	0.94125414
RAD21	0.94122034
PLEC	0.941204
TUBA3C	0.9412021
MROH2B	0.9411739
CNTNAP2	0.94117004
NFATC2	0.94114345
ANK1	0.94111174
CSE1L	0.94110715
COL1A1	0.9410614
KREMEN2	0.94104004
GKN1	0.94098204
DTNA	0.9409734
CSMD3	0.9409653
CNTNAP2	0.9409563
YWHAG	0.9409548
KIAA1549	0.94087565
ITPR3	0.94085026
COL6A3	0.94084936
LAMA1	0.9408295
SLC24A4	0.94077426
CARD11	0.9407181
LRP1B	0.9407052
PCDH15	0.94070184
BCL11A	0.9406967
AEBP2	0.9406922
AC127029.3	0.94068664
CDH12	0.9406415
MUC16	0.94060314
MUC16	0.940599
FAT3	0.94058293
CSMD3	0.9405775
CSMD3	0.9405549
LRP1B	0.94049835
KMT2C	0.940489
CNTNAP2	0.9404219
MUC16	0.9404199
CSMD3	0.9403963
GNAQ	0.940385
ZNF479	0.940362
ZNF236	0.94031805
FLCN	0.94027936
DUSP6	0.94024074
PRAMEF1	0.94023776
ERG	0.9402133
CSMD3	0.9401568
CSMD3	0.9401423
USP4	0.9400814
GABRA6	0.94005984
CARD11	0.9400401
KDR	0.94002604
SLC25A39	0.9400168
TRIM29	0.94000876
LRP1B	0.9400027
SLC25A32	0.9399998
CNTNAP2	0.939999
TP63	0.9399806
PTPRK	0.9399514
FAT3	0.93994164
PLEC	0.9398933
MUC16	0.9398781
MUC16	0.9398706
GPR101	0.9398046
PTPRC	0.9397621
PTPRD	0.9397408
SERGEF	0.9396971
ALK	0.9396517
MB21D2	0.9396396
CSMD3	0.9396014
ADD3	0.9395255
DIS3	0.9394939
NPC1L1	0.93949157
ZEB1	0.9394604
TATDN1	0.93941754
PCDH19	0.93940514
PDGFRA	0.9393631
SH3PXD2A	0.9393347
GNAQ	0.9392516
ACIN1	0.9392248
CSMD3	0.9392223
GDNF	0.9391949
AFF3	0.9391777
NTRK2	0.9391414
GRIK2	0.93911403
ALK	0.9391133
ERBB4	0.9390722
PROKR1	0.93903977
NTRK3	0.93903965
PAX2	0.9390271
HJV	0.9390166
ZNF670	0.938981
POSTN	0.9389684
NTRK3	0.93892586
MFAP3L	0.9389255
SETD2	0.9389223
CSMD3	0.93890667
FOXO4	0.93890166
PROX1	0.9388709
GRIN2A	0.93883616
PTPRD	0.9388274
GABRR1	0.93881285
PSG4	0.9387927
EXPH5	0.9387915
CNTNAP2	0.93879074
MED12	0.9387837
TGFBR2	0.93876934
ROBO2	0.9387564
CSMD3	0.93874896
NTRK3	0.9387334
GATA3	0.93869495
POLE	0.93861216
LRP1B	0.9385869
RARA	0.93858176
SLC5A12	0.9385662
VWCE	0.93855983
MMADHC	0.93855566
ACVR1C	0.93855435
ZFP64	0.93854594
TNK2	0.9385342
ANK1	0.93851674
AKT3	0.9385073
WAS	0.93849766
ABCD2	0.9384744
NIN	0.9384719
CSMD3	0.9384536
IRS4	0.93842065
NTRK3	0.9384178
SOS1	0.93837374
CNTNAP2	0.9383241
SELP	0.9383035
SLC17A8	0.9382918
CSNK2A1	0.9382295
TGFBR2	0.9382122
LMBRD1	0.9381766
ZNF638	0.9381669
SMARCC1	0.9381564
PPP2R1A	0.9381516
UBR5	0.9381414
CSMD3	0.9381288
GALNT18	0.93810236
AFF3	0.9380462
BBS10	0.9380263
TENM1	0.93801606
OR2L2	0.9380101
CDC42BPA	0.93800914
HOXB1	0.9379965
MYCBP2	0.9379686
CSMD3	0.9379672
CSMD3	0.9379609
ITPR1	0.93794656
MUC16	0.9379462
MUC16	0.93788844
ALS2	0.93787104
HADHA	0.9378242
WRN	0.9378101
COL5A2	0.93776214
EXOSC1	0.9377592
CSMD3	0.9377431
ZNF521	0.9377353
SNX9	0.93772805
NOTCH2	0.93767613
BCL6	0.93763953
ENO1	0.93760455
APC	0.93756676
CARD11	0.937543
CNTNAP2	0.93747115
LEF1	0.93745106
ABCC8	0.9374255
POLR3B	0.9374076
KRT6A	0.93740076
COL1A1	0.93738127
ZEB1	0.9373584
FAM184A	0.93735003
MUC16	0.9373424
CSMD3	0.9373206
HOXD3	0.9373107
PTPRZ1	0.9372498
RSPO2	0.9372311
PTPRK	0.93720394
CTNND2	0.9371985
LRP2	0.93718624
OXR1	0.93718463
P2RX7	0.937155
MYH7	0.93711644
SMAD4	0.9370828
CNTNAP2	0.9370779
TEC	0.9370116
SMC1A	0.93700147
HIP1	0.93697965
LRP1B	0.9369788
TMEM196	0.9369663
CSMD3	0.936957
LRP1B	0.93695045
GTF2I	0.9369261
USP33	0.9369188
MUC16	0.9369177
GIPR	0.9368907
LRP2	0.93687636
MUC16	0.93686235
CSMD3	0.9367844
CARD11	0.93676305
LATS1	0.9367476
BIRC6	0.9367362
CNTN5	0.9367155
POLE	0.9367023
GTF2I	0.9366876
COA6	0.9366667
UBR5	0.936659
DCAF12L2	0.9365791
EPHA7	0.9365055
FBLN2	0.9364998
CSMD3	0.93648136
PDE4DIP	0.93648005
GNAQ	0.9364507
DCAF12L2	0.93642735
CSMD3	0.9364258
DAB2	0.9364101
GALNT17	0.93639034
INPP5F	0.9363752
CDH23	0.9363451
SYT10	0.93632114
NTRK3	0.9363112
HOATZ	0.9363041
MUC16	0.9362628
NCAM1	0.93623763
MUC16	0.93620855
GRIK5	0.9362054
HGF	0.9362006
FBLN2	0.9362004
FIGNL1	0.9361567
CDH10	0.93614036
GABRA3	0.93613327
ANK1	0.93611765
MUC16	0.9361075
SOS1	0.9361068
MAP2K1	0.9360949
HGF	0.9360789
IGSF1	0.93607837
HPCA	0.93599665
CARD11	0.93598473
ZNFX1	0.93590254
CSF1R	0.9358573
ERG	0.93582994
SLC12A1	0.9357987
IMPG2	0.93579227
DUSP6	0.93568724
TGFBR2	0.93567216
CHD7	0.93562996
CCT2	0.9356214
MAP3K1	0.9356044
SLC11A2	0.93559134
MB21D2	0.93550074
KMT2C	0.93549615
SPAST	0.93549514
CARD11	0.9354507
TATDN1	0.9354454
DNAH2	0.9354397
SLC6A15	0.9354219
GLA	0.9353945
ACKR3	0.93538564
ZNF676	0.935368
FZD5	0.93534195
XCL2	0.93532586
SLC24A2	0.93531156
ZBTB41	0.9353065
KALRN	0.9353007
SETBP1	0.93527424
BIRC6	0.93526304
ALK	0.9352367
ZNF521	0.93521607
ITPR3	0.9351633
AKR1C4	0.93514663
ALK	0.93511623
SETD2	0.93508494
GPR15	0.9350543
PHOX2B	0.9350511
DCC	0.9350388
EPRS1	0.93502206
SPTA1	0.93500155
SEC23A	0.9349916
CTNNB1	0.93498373
DCAF12L2	0.9349504
TGFBR2	0.93492836
CDH9	0.93492186
FOXM1	0.9349152
CREB1	0.9348971
MYO7B	0.9348889
LAMA4	0.93486446
EPHA7	0.93477494
MAP1S	0.9347608
TBX10	0.9347372
TGFBR2	0.93472844
DUSP6	0.93467516
MSN	0.9346576
PLEC	0.9346446
VARS1	0.9346306
DCX	0.9345896
B3GALT4	0.9345678
PHOX2B	0.93455803
FLT4	0.9345075
PAPPA2	0.93450505
GRM6	0.934503
RP1L1	0.93450207
FAM47C	0.93447274
ANK1	0.9344686
ABCA1	0.93444103
ZNF536	0.9344365
PPARG	0.93443215
PLCB4	0.93438894
NEGR1	0.93433
FOXA1	0.93425906
HERC1	0.9342572
SULT4A1	0.9342428
SLITRK6	0.93421066
ACER2	0.9341937
PIK3R3	0.9341925
MPRIP	0.93417716
RGS7	0.93416524
UBASH3B	0.9340848
ALS2	0.9340828
BCLAF1	0.934061
CAPS	0.93404984
HGF	0.93402785
PLEC	0.9340235
CSMD3	0.9340076
ZNF365	0.9339892
UROC1	0.93397456
CTNND2	0.9339513
MED13L	0.9339128
ANK1	0.9339119
BTK	0.9339052
PCDH18	0.9338857
SLC5A7	0.93387127
F13A1	0.9338624
KCNJ12	0.93385625
PPP2R1A	0.9338202
FAT3	0.93381035
LRP1B	0.93376875
YLPM1	0.9336474
BMP5	0.9336381
FH	0.93359154
ERBB4	0.93355316
BCLAF1	0.93354857
ZEB1	0.9335303
GRIN2A	0.9334914
KLHL11	0.9334849
COL11A1	0.93347734
FCGR3B	0.9334437
ABL2	0.93343914
RSPO2	0.9333929
FAT1	0.9333654
ZFHX4	0.933357
SYNE1	0.9332343
CSMD3	0.93319964
ZNF521	0.93318856
ASPM	0.9331661
TFAP2C	0.9331218
PREX2	0.93309295
MEGF10	0.9330788
NPTN	0.93304217
LEF1	0.9330418
GRIN2A	0.933011
TAF5L	0.93297935
EBF3	0.9329698
NTRK3	0.9329679
MOXD1	0.93295616
PAX7	0.93292564
GMPS	0.932923
ALK	0.93291557
TRRAP	0.9329063
GTF2I	0.9328641
NR1I3	0.9328634
TMC3	0.9328587
PLPP4	0.9328541
DCC	0.9328495
ATP13A5	0.9328321
FAM135A	0.9328198
DUSP6	0.93281454
CSMD3	0.93279064
TPR	0.93278426
CSMD3	0.9327816
NCAM1	0.9327682
RHOT1	0.9327652
BECN1	0.9327632
RYR3	0.93276024
FLNC	0.93267804
CSMD3	0.93267566
KLHL28	0.9326034
COL2A1	0.93260014
PPFIBP1	0.93258715
ZNF479	0.9325515
CYYR1	0.93255144
USP9X	0.93249625
RUNX1	0.9324659
ZNF827	0.93246377
CSMD3	0.9324471
SLC45A2	0.93243563
PRSS22	0.93243265
PBRM1	0.93240255
KIF18A	0.93236476
CSMD3	0.9323402
CSMD3	0.9323382
DUSP6	0.9323154
LATS1	0.93230814
TBX3	0.9323063
ACLY	0.9322369
ADAMTSL1	0.9322349
PKP2	0.9321668
SEL1L2	0.9321581
GPR179	0.93214643
UBR5	0.9321354
FGFR2	0.9321259
TPR	0.93210864
GATA5	0.93208903
CRNKL1	0.9320471
FRMD5	0.93203545
AMER1	0.93203515
HGF	0.932011
MUC16	0.9320007
COL1A1	0.9319564
TRHDE	0.931901
RNF157	0.9318789
HHIPL2	0.9318539
GALNT6	0.93183684
SMARCA1	0.9318333
PTPN13	0.9317993
USP34	0.93178856
PLOD2	0.93176866
CORIN	0.9317658
NBEA	0.93172324
NLRP14	0.93169904
NEXMIF	0.93169206
INHBA	0.93166775
PCDHA11	0.9316575
MB21D2	0.9316154
NOTCH2	0.93161106
ROBO1	0.9315963
OR5A1	0.9315261
ADIPOR2	0.9315032
OR6K6	0.9314959
EPHA7	0.931494
GCN1	0.931494
RPS6KA1	0.93148226
FAT3	0.9313752
LRP1B	0.9313613
IL7R	0.93132913
NID1	0.9312827
ATP6V1C1	0.9312424
NRAP	0.931199
EPHA7	0.93116456
WWTR1	0.9311547
IKZF3	0.93114513
ANK1	0.9310448
ATAD2	0.930972
CSMD3	0.930953
PLXNA2	0.93094456
KIFC1	0.9309274
GPC3	0.93089265
SLC25A23	0.93088657
ELF1	0.93084764
PUM2	0.93083143
BCOR	0.9308046
DCTN1	0.93066216
TATDN1	0.9305966
RIMS2	0.9305793
ANK1	0.9305193
MAPK1	0.9304763
ERG	0.9304642
TATDN1	0.93041456
MB21D2	0.93038803
PRDM2	0.9303705
MYO1E	0.93036133
PRKAA2	0.9303605
TCF4	0.9303365
ANK1	0.930315
SOS1	0.9302711
PDGFRA	0.9302665
IL7R	0.9301826
ASCC3	0.9301181
SETD2	0.9300968
GUCY1A2	0.9300917
HNRNPA2B1	0.93006265
RHOA	0.93006074
LRFN5	0.9300535
CDH17	0.930034
PRRX1	0.9300213
AMER1	0.9299161
GPC3	0.92987573
MB21D2	0.9298755
TTN	0.9298666
KDR	0.9298317
KCNS2	0.9298008
PHOX2B	0.9297883
MUC16	0.92977214
DDR2	0.9297558
MUC16	0.92961776
UPP1	0.9296173
PTPRD	0.92961323
CPEB3	0.92958623
MINDY4	0.9295566
NRXN1	0.9295339
CSMD3	0.9295317
FAT3	0.92949843
CCDC178	0.9294722
SPAG6	0.92943853
EPHA7	0.92943513
LAMA2	0.9294336
EPHA3	0.92943054
ADGRB3	0.92940336
PPARGC1B	0.9293409
PTPRB	0.92933077
PPP6C	0.9293041
LRP1B	0.9292877
FH	0.9292717
MB21D2	0.9292656
VAV1	0.92917037
NRG1	0.92914474
AFF3	0.9291363
ARSJ	0.9291022
GALNT6	0.929073
CSMD3	0.929062
FAT3	0.9290249
NFATC2	0.9289702
AMOT	0.9289391
NRG1	0.92892903
FAT3	0.9289273
CACNA1E	0.9289198
HGF	0.92889607
FAT3	0.9288855
CSMD3	0.9288759
ZNF521	0.9288109
LYST	0.92880344
MUC16	0.9287835
HUWE1	0.928777
FBN1	0.9286826
MAP3K1	0.9286443
TEX47	0.9286368
TAOK1	0.9285439
CUL3	0.92854196
AMER1	0.9284487
SOS1	0.92837083
PPP4R4	0.92836165
A1CF	0.92833656
DDI1	0.92833203
PDZD2	0.9283004
PMS2	0.9282986
RET	0.9282949
CEP89	0.92828304
GPR183	0.92827773
LPIN2	0.92825514
CARD11	0.9281685
KCNJ3	0.9281126
COL3A1	0.92810345
LRP1B	0.92807573
LPA	0.92806935
KRT25	0.92806405
EFCAB1	0.92806166
NTRK2	0.92805356
GALNT7	0.92805094
VASH2	0.9280478
IFT140	0.92804384
DCLK1	0.9280367
BCORL1	0.92801833
PLEKHH1	0.9279589
PLXNB2	0.9279508
HOXC11	0.9279306
OR6N2	0.9277723
EPHA7	0.9277641
TSC2	0.9277564
ADGRB2	0.9277265
TTLL7	0.9277155
LRP12	0.92771316
FAT3	0.92770815
GMDS	0.92767924
KIAA1549	0.92767847
OPRL1	0.92767066
ITPR3	0.92766243
HERC4	0.9275905
LRP1B	0.9275883
LRP1B	0.92754245
ZFP30	0.92753106
CSF1R	0.92751956
UBE4B	0.9275124
MUC16	0.92750436
MUC16	0.92749536
CSMD3	0.92748445
FAT1	0.92746943
HAO2	0.9274617
LRP2	0.9274616
ZC3H12B	0.92742944
DUSP6	0.9274237
PLEC	0.9274123
FAT1	0.92741036
MYO5A	0.9273354
SLC9A5	0.9273185
F5	0.9272895
CDH10	0.9272684
STK4	0.9272623
EPHA5	0.92721266
MUC16	0.92720425
FBXL7	0.9271956
CBLC	0.92711234
ARHGEF12	0.9270785
MYH11	0.9270641
MYH9	0.9270639
MUC16	0.92703474
DNAH2	0.92702216
MMP16	0.926978
SMOC1	0.92696035
OTUD7A	0.9269311
RGS7	0.92692256
ZFHX3	0.9269223
LRFN2	0.92687595
TSHR	0.92685324
ANK1	0.9268439
DUSP6	0.9268337
PLEC	0.92679787
GFRAL	0.92676926
TYW1	0.92672503
CACNA1D	0.92671496
CDH10	0.92670345
CNTNAP2	0.9266929
LRP1B	0.92665935
CCNB1IP1	0.92665565
LRP1B	0.92660576
TCF7L2	0.9265698
WDR38	0.9265696
TGFBR2	0.9265034
PTPRK	0.9264963
PROS1	0.9264707
LATS1	0.9264631
GRIN2A	0.926417
RASGRP3	0.9264151
NBAS	0.9263984
GPHN	0.92638576
GRIN2A	0.92637813
HGF	0.9263762
TRPC4	0.92634505
GRIN2A	0.92634183
KRTAP24-1	0.9263168
CLRN1	0.9263099
CSMD3	0.92630595
MTMR8	0.9262978
RABEP1	0.92628145
MRPL1	0.9262719
DDR2	0.92623436
NAMPT	0.92621267
PDE10A	0.9261942
FLG2	0.9261696
FAT1	0.9261628
CSMD3	0.92613155
FLNC	0.92612827
TEC	0.92607874
CADPS2	0.926076
TGFBR2	0.9260508
CARD11	0.92602074
OR4M1	0.9260205
PTPRD	0.9260205
KBTBD7	0.92601484
WWTR1	0.9259776
ATR	0.9259374
THOC2	0.92592335
CEMIP2	0.92588687
KTN1	0.92587197
MYO1C	0.9258213
ZEB1	0.9257622
IL16	0.92575
TGFBR2	0.9257256
CARD11	0.9257101
PATZ1	0.92568445
TEC	0.9256176
ZNF536	0.92555904
CNTNAP2	0.9254898
TTC5	0.9254755
KCNH7	0.92545253
ZFHX4	0.9254397
SLC5A7	0.92543954
BRIP1	0.9253972
CSMD3	0.92537886
GRIN3A	0.9253731
LRBA	0.9253563
PCDHGA6	0.9253294
FANCG	0.9253174
MUC16	0.9252958
MYO3A	0.92529356
ELOVL3	0.9252814
ARHGAP21	0.9252746
MB21D2	0.9252714
ZFHX4	0.92525625
CDH10	0.92523104
ZNF629	0.9252242
IL16	0.92522395
CSRNP3	0.9252146
TBC1D1	0.9252094
GCNT4	0.92520154
RBM10	0.92517626
MACC1	0.9251699
ERBB4	0.9251557
FAT3	0.92513835
CACNA1D	0.9251166
DCAF8	0.92508876
PCDH15	0.9250771
CNTNAP2	0.9250738
ZNF384	0.9250497
RBM10	0.9250349
PCDHB15	0.9249427
RUVBL1	0.9249336
CSMD3	0.9249336
DICER1	0.9248918
ZNF479	0.9248214
ATRX	0.9247907
FAM13A	0.9247592
SLC44A1	0.92470676
SMC3	0.9246758
METAP1D	0.9246625
CDH11	0.9246139
ITGA7	0.92455184
GRAP2	0.92455125
FPGS	0.92454314
IPO4	0.92452794
GRIN2A	0.92452157
PTPRT	0.9244935
TIAM1	0.9244686
DCAF12L2	0.92445815
CEP89	0.9244488
RNGTT	0.92444366
CARD11	0.92442995
AMER1	0.92439336
MUC16	0.92436874
RYR2	0.92436427
PTPRH	0.92435616
CSMD3	0.9243558
CDH10	0.92433304
NSD2	0.92424333
DNMT3A	0.92423564
TGFBR2	0.92421913
ARHGAP21	0.92417
CSMD3	0.92415166
NCALD	0.9241377
WDR17	0.92413634
MED12L	0.924121
FLNA	0.92409
ABCB7	0.92406124
BAX	0.92402244
ABCB7	0.92401254
LYPD2	0.9239969
PCDHA11	0.9239963
SLC35B1	0.92398787
TEC	0.92398643
LGI2	0.9239826
HCN1	0.92392254
MYH11	0.92388713
SETBP1	0.9238674
NBEA	0.9238452
CDH10	0.9238373
AMER1	0.92383003
SEMA3A	0.92380214
CBLL2	0.9237601
ARHGAP5	0.9237175
B3GLCT	0.9237151
SLC9A4	0.92371285
FAT3	0.9236853
CSMD3	0.923662
CD163	0.9235633
GPC3	0.92353004
ASB5	0.9235125
MRPL27	0.92349654
ADAMTS19	0.923488
FAT1	0.92346275
PTPRC	0.92345476
CDH10	0.9234447
CYP11B2	0.92342466
NTRK3	0.9234169
MYH11	0.92339665
TEC	0.92335796
CSMD3	0.9233412
BIRC6	0.92326754
GSK3B	0.92326164
NOD1	0.9231641
HIP1	0.9231556
PLCB4	0.9231423
CNTNAP5	0.9231304
NID2	0.9231035
NES	0.92308
MUC16	0.92301106
ANK1	0.922923
SLITRK4	0.9229212
CSMD3	0.9229019
CADPS	0.9228627
LRP1B	0.9228056
SOS1	0.9228021
FLCN	0.92279756
AMER1	0.92276716
CTNNA2	0.92274487
CSMD3	0.92273223
CSMD3	0.9227318
LARP4B	0.9226865
MUC16	0.9226729
COL3A1	0.92266196
FBXO39	0.9226446
PLCB4	0.9226102
ZNF777	0.9226057
MB21D2	0.9226031
RGS7	0.92260253
HSP90AA1	0.9225965
MTHFR	0.9225903
MUC16	0.9225535
LEF1	0.9225531
CSMD3	0.92252815
ERBB4	0.9225122
FLCN	0.9224893
CSMD3	0.9224735
TFPI2	0.9224494
CSMD3	0.92244405
SCN2A	0.9224202
FAT3	0.92241204
STAG1	0.9223937
ARID5B	0.92236054
STOML3	0.92233676
PPP3CA	0.92231363
FAT1	0.92228967
GABRA2	0.9222697
MYO1C	0.9222273
ZNF770	0.9222208
SLC22A6	0.9221741
TECRL	0.9221045
ESCO2	0.9221022
POGLUT2	0.9220926
PCDHGA6	0.92200226
BRIP1	0.92198724
MYO18A	0.9219829
NTRK3	0.92196053
MED13L	0.9219487
MYO1C	0.9218863
ARID2	0.92185384
SLC12A6	0.92179865
RTCB	0.9217881
MORC1	0.92173153
CNTNAP2	0.92173046
ROS1	0.92170703
PDCL2	0.921707
JAK1	0.9216522
ZRANB3	0.9216322
HS3ST4	0.92161655
ERBB4	0.9216068
CLCN1	0.9215903
GABRG2	0.92157716
MUC16	0.9215551
POU3F3	0.9215379
KHDRBS3	0.9215373
CSMD3	0.92149806
ZBTB18	0.92149144
KANK4	0.92147803
COL4A1	0.9214655
NOTCH2	0.9214282
KIF1A	0.9214225
NLRP3	0.92141455
ITPR2	0.9214061
AKAP9	0.9214004
GPC3	0.9213578
C8B	0.9213223
TM2D3	0.9213187
SPEG	0.9212572
TNRC18	0.9212376
HECW2	0.92121243
AKAP4	0.9212016
RP1L1	0.9211998
ACACA	0.9211961
ZEB1	0.92117614
KLHL1	0.92116356
MACF1	0.9211474
ZNF560	0.9211471
SNTG1	0.9211235
CDH10	0.92111635
EIF3E	0.92110986
MGAT5B	0.9211009
GFRA1	0.92105293
RPS6KA3	0.92097884
CDH17	0.9209348
MUC16	0.920923
SPAM1	0.92090046
PRSS36	0.92089444
RFFL	0.9208902
ZFHX3	0.92087376
SLK	0.9208695
PCDH15	0.92082244
ERBB4	0.9207897
COL20A1	0.9207472
SCAMP2	0.9206804
CSMD3	0.9206737
KRTAP19-7	0.9206693
GABRA6	0.920666
KLHDC4	0.9206265
KMT2D	0.9205524
PTCH1	0.9204941
ARHGAP5	0.92047364
PCK1	0.9204512
NAV3	0.9203591
NAIF1	0.9203353
HOXB1	0.9203245
BRIP1	0.9203164
PTPRT	0.92024463
TBL1XR1	0.92024237
FBN1	0.920233
SLC44A5	0.92020416
CDH10	0.9201997
EPHA3	0.9201971
ASPM	0.92017704
COL4A1	0.92016935
MUC16	0.92015475
DSCAM	0.9201474
MYO1C	0.92011666
ERN2	0.9201011
LRP1B	0.92008084
ZNF536	0.9200752
CEP89	0.920025
ITIH1	0.9200162
SLC35B1	0.92001396
GNAQ	0.9199972
ASXL3	0.9199761
COL2A1	0.9199695
PHKA2	0.919948
NSD1	0.9199303
HECTD4	0.919927
PTCH1	0.91992277
SCAMP2	0.91988975
NRG1	0.9198797
STOML3	0.91985375
SOS1	0.9197964
GRPR	0.91978765
HMG20A	0.91976935
P2RY8	0.91975945
KIF13A	0.91974556
CDH10	0.91970813
GPC3	0.9196375
LPCAT1	0.91956776
DLG5	0.9195614
ALK	0.91955334
ACSBG1	0.91949916
MYCN	0.9194366
KIF5B	0.919395
USP6	0.9193444
RGS1	0.9193332
MB21D2	0.9193296
SLC17A8	0.91927034
TMEM184A	0.91919124
LRP1B	0.9191891
MUC16	0.91915476
ITPR3	0.9191405
CSMD3	0.9191038
CYSLTR2	0.9190462
CDH10	0.9190457
CNTNAP2	0.91903824
MB21D2	0.9190307
ZEB1	0.9190263
TEC	0.9190191
ABCF2	0.9190162
CPXM2	0.9189893
CAND1	0.91895306
PDGFRA	0.918886
PTPRD	0.9188826
DLGAP2	0.91881806
ABCA6	0.9188005
MUC16	0.91877586
LRP1B	0.9187595
ZEB1	0.9187531
ACTN2	0.9186478
SMG1	0.91863817
BCAS3	0.91859347
TET3	0.91858214
MUC16	0.9185733
ERBB4	0.9185649
ACTL6A	0.9184921
SALL4	0.9184737
ECT2L	0.91846925
MYO1D	0.9184473
ACVR1C	0.91844624
AMER1	0.9184317
SOS1	0.9184131
CFAP61	0.91837686
ADAM10	0.91836905
FZD10	0.91835666
RUFY2	0.9183502
CYSLTR2	0.9182805
NIN	0.9182136
GPR22	0.9181746
CPN1	0.91812986
PTPRK	0.9181261
NCAM1	0.9181255
AQP6	0.91810423
NPLOC4	0.9180866
PTPRT	0.91808075
SVEP1	0.918067
MUC16	0.91801447
TENM1	0.9179981
CADM1	0.9179764
PTPRD	0.91796416
MSL2	0.9179556
ARHGEF12	0.9179517
CSMD3	0.9179394
ZEB1	0.9179329
DUSP6	0.9179218
CSMD3	0.9178964
FAT4	0.9178692
RNF20	0.9178649
CDH11	0.91784084
RSPO2	0.9178252
KIR3DL3	0.9178215
ARID2	0.91780794
ZNF398	0.91779816
PIK3CB	0.9177917
SLC26A5	0.9177836
ZEB1	0.9177054
ATP13A3	0.9177047
BIRC6	0.91768485
PIEZO2	0.91766226
CSMD3	0.9176278
STAB2	0.9176231
UNC79	0.9176121
NRCAM	0.91759783
CNTNAP2	0.9175927
CSNK1G3	0.91758174
RBM19	0.91755956
FAM20B	0.91754186
VPS54	0.91752607
CXCR4	0.9174793
PKHD1L1	0.91745985
ACTR8	0.917447
AMER1	0.9174418
FAM47C	0.91740483
ATR	0.91739
VAV3	0.91735256
PCDHB15	0.91731995
FRZB	0.9173177
AFF3	0.9172371
LRP4	0.91722596
CHD1	0.9172165
PMS1	0.9172048
UNC13C	0.9171826
ZEB1	0.91718173
CNTN5	0.9171811
MYH7	0.9171515
PTPRD	0.91714317
KIF1A	0.91713446
NDST4	0.9171265
RSPO2	0.9171222
CSMD3	0.91711766
SLITRK4	0.9171072
PLEC	0.9171054
ASPM	0.91707784
FAT3	0.91705275
ISL1	0.91697806
SRGAP3	0.9169687
SOS1	0.9169322
CAND2	0.9169311
CSMD3	0.9168786
CDH10	0.9168497
FBXL7	0.91684186
LCK	0.91684175
FAT3	0.9168364
DNAH9	0.9166941
ZEB1	0.9166867
MNX1	0.9166819
TNIK	0.9166776
HAUS7	0.9166469
COL5A2	0.91658974
FAM172A	0.91657645
CBL	0.916494
NBEA	0.9164706
ARFGEF1	0.91646355
GRM1	0.91643655
CDH9	0.9164143
CHRNB4	0.9164131
FAT3	0.91639495
CHRM2	0.9163904
SOS1	0.9163842
CDH10	0.91635066
CACNA1D	0.9162915
GPR12	0.9162756
COL11A1	0.9162635
CSMD1	0.9162378
ZFHX4	0.91623527
CACNA1D	0.91622514
USP9X	0.91621387
CTNND2	0.91621184
GPC3	0.91617805
PLOD2	0.9161772
ZSWIM5	0.91616887
PPP2R1A	0.9161226
CSMD3	0.9161096
CTNND2	0.9161073
CDH10	0.9161002
ERBB4	0.9160394
FNIP2	0.91602534
ZNF479	0.9160138
COL3A1	0.9159755
NOTCH1	0.9159653
MUC16	0.9159508
CTNND2	0.91592383
BRIP1	0.9158758
TSHZ3	0.91586703
CDH10	0.9158453
FLT4	0.9158331
CSMD3	0.915786
RTN1	0.9157789
PYGL	0.91577005
LRRTM1	0.9157686
MB21D2	0.9157535
ZNF780B	0.91572654
ATP11B	0.91572154
NDC1	0.9157172
SKOR1	0.91570383
SLC4A3	0.9156886
SOS1	0.9156756
KDM5C	0.9156636
TULP1	0.91565955
GPR158	0.91561174
KMT2D	0.9155736
DPM1	0.9155246
CSMD3	0.91546607
LRP1B	0.915462
CEBPE	0.915458
TAFA1	0.9154557
GRIK4	0.91540587
GRM1	0.91538125
CSMD3	0.9153185
AMER1	0.91530985
CTNND2	0.915281
CSMD3	0.915256
AIFM1	0.9152485
ALK	0.9152207
FAT3	0.91520745
LEF1	0.91518456
ANK1	0.9151548
ALK	0.91513526
IQCJ	0.91508085
PAX5	0.9150805
NAV3	0.91507953
EVI5	0.9150603
SOS1	0.91498137
CPXM1	0.9149231
EDIL3	0.91490686
SOS1	0.91490567
TMEM131	0.91489166
CCDC34	0.9148771
CTNND2	0.9148557
DHX37	0.91479856
TEC	0.9147803
DCAF12L2	0.9147639
PKHD1L1	0.9147635
B3GAT2	0.9147476
CRX	0.91470295
PKHD1L1	0.9146098
HIPK2	0.914604
MYH7	0.91458434
MYO1C	0.91452813
MYO1C	0.9144887
CRTC3	0.91448647
FAT4	0.91447467
DNAH10	0.91443485
CSMD3	0.91439384
PKHD1L1	0.9143889
POT1	0.9143372
MRE11	0.9142999
BAX	0.91418827
CHD2	0.91417545
COL4A1	0.9141564
GATA3	0.9141378
HCAR3	0.9140765
STRN	0.9140746
LRP2	0.9140392
BRIP1	0.91402763
TEC	0.9139874
CSMD3	0.9139585
PTPRB	0.91392803
CYLD	0.9139233
NCAPD3	0.91392034
IL7R	0.91391915
BIN2	0.913898
BRIP1	0.9138896
CSMD3	0.913869
TSHR	0.9138547
DNAH3	0.9138522
ZEB1	0.9138482
KLC1	0.91381484
VWC2	0.9138098
ZNF521	0.9137827
KMT2C	0.9137418
PMS1	0.91372466
NLRP3	0.9137091
RTTN	0.913679
ATR	0.9136574
DCAF12L1	0.9136544
SORCS1	0.91365343
MB21D2	0.9136412
CDH10	0.9135656
SLCO1B3	0.9135594
MTMR4	0.9135586
ANK1	0.9135349
CSMD3	0.91353035
MN1	0.9134917
NPAP1	0.9134786
DLG2	0.9134321
MCCC1	0.91343135
STOML3	0.9134264
SIX3	0.91338235
SLC7A14	0.91333956
SCN1A	0.91333175
PEX2	0.9133276
CLDN2	0.91331244
GRIN2A	0.9132572
SLITRK3	0.9132395
KMT2C	0.91323847
TNC	0.9132359
MDC1	0.9132131
MGAT1	0.9131714
HNRNPA2B1	0.91313714
COL5A2	0.9131313
ATP2C2	0.9130819
INPP5J	0.91306967
CACNA2D1	0.9130674
ZEB1	0.91305447
AGBL1	0.91305053
THOC2	0.91301775
NXPH2	0.9129519
ROCK2	0.91291684
KMT2D	0.9128894
GALNT1	0.9128186
PCDHA5	0.9128183
POLR3A	0.9128117
SCN2A	0.91278726
SOHLH1	0.9127684
ARHGEF3	0.91274786
PRKD3	0.9127276
RNF139	0.91272527
GALNT8	0.9127179
SALL1	0.912707
MPDZ	0.9126534
AR	0.912599
FIG4	0.9125816
EVC2	0.9125783
KIF14	0.9125765
LATS1	0.9125659
IRF4	0.9125616
ZEB1	0.91256136
DYNC1LI1	0.91255283
EPRS1	0.9124605
HEATR5B	0.9124599
LRP1B	0.91244024
ARHGEF25	0.91243464
COL2A1	0.91242677
AASS	0.9124215
PTPRB	0.912411
ASIC3	0.9123608
PLPP4	0.9123372
LRP1B	0.912327
HOMEZ	0.9123236
ZEB1	0.91228235
FAT1	0.91227055
NR1H4	0.91223437
MED16	0.91220284
CSMD3	0.9122003
ABCA2	0.9121828
SOX17	0.9121584
SPANXN3	0.91215336
RBM10	0.91215336
RXFP1	0.9121049
EHMT1	0.91206443
SLC35B1	0.912063
CSMD3	0.9120362
BRSK1	0.9120167
FAT1	0.9119776
EIF3K	0.9119754
FAM91A1	0.9119532
PTGFR	0.9119431
MB21D2	0.91191673
TK2	0.91190535
SCN2A	0.91186976
GMPS	0.9118692
LDB3	0.91184497
FBXO30	0.9118377
TRRAP	0.9118326
FAT3	0.9118291
RAPH1	0.91182834
PCSK1	0.91181976
DLGAP3	0.9117694
ZMAT4	0.9117603
CSMD3	0.91175497
LRP1B	0.91171396
GCN1	0.9116873
SCAF1	0.91168344
KIF5B	0.91168237
CYLD	0.9116593
KCNJ6	0.91165304
ANK1	0.91162515
KLHL1	0.91155136
PCLO	0.91155046
SCN11A	0.9115415
MON2	0.91153616
EXT1	0.911533
KMT2C	0.91152894
TRIM33	0.91152096
CTNND2	0.9115203
DCHS1	0.91150916
HEATR4	0.91149783
CSMD3	0.9114753
MUC16	0.91146624
KCNS2	0.91144127
ASPM	0.9114363
TEX47	0.9113909
ZNF519	0.91138875
PLPPR4	0.9113882
FAT3	0.911379
TMEM248	0.9113644
MTMR2	0.9113522
PKHD1L1	0.91134095
ATP8A2	0.9113341
FOXP1	0.9113085
PMS1	0.9113036
COL1A1	0.91128016
NTRK3	0.9112527
ADGRL2	0.91124886
CSMD3	0.9112278
ZEB1	0.9111517
CNTNAP2	0.9111487
FAT1	0.9111216
RCBTB2	0.9110651
FSTL5	0.9110502
ADGRB3	0.9110455
IL13RA2	0.9110172
GAL3ST3	0.9110171
LRP1B	0.91101706
MAGEE2	0.9110095
ALK	0.91099477
FBLN2	0.9109662
TNR	0.91095173
ACTN2	0.91095006
ATP2B3	0.9109334
RSF1	0.91090953
CSMD3	0.9108902
GPHN	0.91078705
LINGO2	0.91078275
PRB2	0.91077626
CSMD3	0.91075623
BTK	0.91072077
LRP1B	0.91065794
MPP2	0.9106558
ANKHD1-EIF4EBP3	0.91061413
RELA	0.9105842
SETD2	0.91055787
FOXA1	0.91055447
TPI1	0.9105393
KCNA1	0.9105179
MS4A5	0.910493
PTPRD	0.91041315
MB21D2	0.9103821
KMT2A	0.91037875
ZNF681	0.91036886
CTNND2	0.91033494
TBL1XR1	0.9102767
PRPF8	0.91027194
CDH10	0.9102603
MYH11	0.91022116
FAT3	0.9102109
LRP1B	0.9101716
MUC16	0.91010845
POP4	0.9100939
SEC23A	0.9100756
OR4A5	0.9100755
ZNF428	0.910043
TMEM94	0.91004133
CNTNAP2	0.91003674
AFF2	0.9100345
KRTAP9-2	0.91003406
KCNQ2	0.90999734
ADGRB3	0.9099963
KDM5B	0.9099345
FAT1	0.9099282
KLK8	0.9099219
NEB	0.9099162
PKP2	0.9098876
PRPF4	0.90986156
GRM5	0.9098528
GPC5	0.90982574
CSMD3	0.90977824
SOS1	0.9097468
ZEB1	0.90972495
TRPC4	0.9096942
FAT1	0.90968823
MECOM	0.9096157
AADACL3	0.90960896
UNC13C	0.9095708
NUP98	0.90956545
FLT4	0.9095418
POLR3C	0.9095403
CSMD3	0.9095279
DGCR8	0.9095148
MUC16	0.90950096
XPO1	0.9094884
SLC45A3	0.9094847
SLC4A7	0.9094643
PCDH11X	0.9094327
RAB6D	0.90942675
CNTN5	0.9093896
FGL2	0.9093801
FAM135B	0.90932477
INPP1	0.90931153
SLC37A3	0.9092922
FAT3	0.90925527
ACSL6	0.90922344
MUC16	0.9092141
KCNH7	0.9092125
BIRC3	0.9091976
PLPPR4	0.90919226
GALNT1	0.9091909
GALNT1	0.9091563
FOXA1	0.9091534
CSMD3	0.909127
IGF1R	0.9091201
TRAF3	0.909116
COL2A1	0.9091054
KALRN	0.9090999
NOTCH3	0.9090774
ADAMTS18	0.9090637
MUC16	0.9090361
COL5A2	0.90900713
MYH11	0.9090026
HSP90AA1	0.9089967
ASPM	0.90899503
CSMD3	0.90898347
CDH7	0.90895635
PTPRZ1	0.908952
GRIN2A	0.90895
NUP98	0.90891725
PLEC	0.90889716
AXIN2	0.9088788
KDR	0.90884143
SEC23A	0.9088172
ZNF16	0.90878826
NSUN6	0.9087765
LEPR	0.90876615
CSF3R	0.90875465
ROBO2	0.9087255
MSN	0.9086916
CNTNAP2	0.9086739
ZFHX4	0.9086726
LRP1B	0.9086571
LONP1	0.9086187
ZEB1	0.9086183
NOTCH1	0.9085767
TNC	0.90856695
NLGN3	0.9085442
FAT3	0.9085425
PNLIPRP1	0.90853894
MTOR	0.90849584
GLRB	0.90849096
HDC	0.90848696
TSHZ3	0.90848
KMT2D	0.90847874
ITGA3	0.90844125
NXPH1	0.9084385
HIP1	0.9083844
H3C3	0.90836865
MUC6	0.9083461
ALK	0.90832245
CTNND2	0.90829885
ZSCAN20	0.9082677
GART	0.90821254
ZBTB18	0.9082006
KRT5	0.9081981
BRIP1	0.9081688
EPHA3	0.90814006
FBN2	0.9081168
PLCL1	0.9081162
CACNA1D	0.90810037
TEC	0.9080818
CHRNA3	0.90806365
GRIN2A	0.90805674
CRNKL1	0.9080553
CRB1	0.90799177
ALK	0.9079721
SLC8A1	0.9078754
MAGEB1	0.90785706
OPHN1	0.90785706
SFRP1	0.90785706
CNTNAP2	0.9078566
IL16	0.9078526
LRP1B	0.9078284
BCL11B	0.90781325
RYR3	0.907738
PLXNA2	0.9077378
SCN2A	0.90773255
GJA5	0.9077235
RBM8A	0.9077049
PTH1R	0.90768766
MYO5B	0.90765774
GALNT17	0.90761036
LRP1B	0.90760106
CHRM3	0.9075998
CASS4	0.90757674
RAPGEF1	0.90757465
FAT1	0.9075588
AHNAK2	0.9075472
PURG	0.9075377
RPL5	0.9075209
EYA4	0.90749085
IL16	0.9074812
ALK	0.90746033
ANTXR2	0.907457
RASL12	0.9074444
OR4D10	0.90744185
GNAS	0.90743595
NRG1	0.9074272
ESR1	0.9074267
ZFHX3	0.9073714
PCDHB14	0.90736306
PTPRT	0.90736115
MEF2D	0.9073608
BRIP1	0.9073352
RHOA	0.90732837
OTOGL	0.90732574
ATL3	0.9073239
MSRB3	0.9073043
MUC16	0.90727925
POTEE	0.9072389
CYP26B1	0.90723544
SOS1	0.9072352
CSMD3	0.90720034
ELOVL4	0.90715563
LRIG3	0.9071177
CSMD3	0.9071051
SLC15A3	0.90710485
CPEB1	0.9070899
CYP11A1	0.90708333
NXF3	0.9070796
RIMKLB	0.90707415
SOS1	0.9070592
KIT	0.90704167
ANK1	0.9070082
ADGRG4	0.906999
MRE11	0.90694
ERCC2	0.9069335
GABRG3	0.90692127
NTRK2	0.90691054
GPR37	0.90691
ATP7A	0.90685195
TNC	0.9067789
GRB14	0.906747
HOXA6	0.9067088
LEF1	0.9066623
EPHA7	0.9065853
ATN1	0.90656686
CATSPERE	0.90656537
ZEB1	0.9065649
COL2A1	0.9065325
GRM1	0.90649664
ZNF521	0.90645856
ACTA2	0.90645444
MUC16	0.9064132
KCNA1	0.90636617
EPB41L2	0.90635324
MUC16	0.90630573
ANK1	0.90627474
GUCY1A2	0.9062584
NALCN	0.90619
CNBP	0.9061495
ALK	0.90612954
CXORF66	0.90612745
KRT6C	0.90610194
TTN	0.9061005
TFEB	0.9060597
BTAF1	0.9060506
FSHR	0.9060395
NKX2-1	0.9060152
FMO3	0.90601087
AFF3	0.9059899
RNF165	0.9059889
TBX5	0.90597683
KMT2C	0.90597624
PAK1IP1	0.905973
CDH11	0.9059621
ADORA3	0.90595853
DHX37	0.90595585
KRT36	0.9059363
FTO	0.9059206
NALCN	0.90591973
FRYL	0.9059082
TFRC	0.9058833
KCNB1	0.9058469
CSMD3	0.90577525
CTNND2	0.90576535
TLX3	0.90575546
FAM135B	0.9056771
ANO10	0.9056583
ASPM	0.9056554
BCL2	0.9056474
TNNI3K	0.90562433
TNC	0.90559596
PRDM16	0.90557355
ARHGAP5	0.9055042
SYT1	0.9055018
CSMD3	0.90546477
ZNF445	0.9054559
NUP205	0.9054309
MBD1	0.90542066
ZNF479	0.90541655
ATP8A1	0.9053976
MUC16	0.90533495
STAT3	0.9052814
NR2F1	0.9052539
DLAT	0.9052501
RXFP1	0.90524787
NR5A2	0.90519834
INSL5	0.9051977
ACP3	0.90517163
TRAF3IP1	0.90516603
LEF1	0.90515375
PRDM1	0.90515167
CSMD3	0.9051332
ONECUT2	0.90512836
ASTN2	0.90510726
ADAMTS18	0.9051041
ARHGAP36	0.9050121
CTNND2	0.90494156
MUC16	0.90492123
MB21D2	0.9049156
PTPRT	0.9049125
HNRNPA2B1	0.90489495
ENOX1	0.9048901
CTNND2	0.9048495
RTL3	0.90484834
ANKRD30A	0.9048262
JAK3	0.904816
NEB	0.9048068
MB21D2	0.9047899
COL5A2	0.9047723
SESTD1	0.90476626
FBN1	0.9046981
SETD2	0.90466183
FAT3	0.90465164
TJP1	0.9046489
PHIP	0.9046468
CACNA1D	0.9046443
EMSY	0.90464234
BUB1B	0.9045795
AMPD3	0.9045558
ALS2CL	0.90452874
ESRRG	0.9045136
ZNF335	0.90449613
FAT3	0.9044387
SLC35B1	0.904435
RSPO2	0.9044137
FKBP6	0.9043839
SULF2	0.9043445
SETBP1	0.90432656
ASPM	0.9043203
SCN2A	0.9042586
TBL1XR1	0.90424967
AIFM1	0.90423715
BAZ1A	0.9042223
FLNA	0.90421563
PEAR1	0.90416807
RAB6C	0.9041679
SOS1	0.90412605
MYO10	0.904084
ADAMTS12	0.90407914
SLC17A6	0.9040717
HUWE1	0.9040537
FANCA	0.90403914
CREBBP	0.9040275
ZEB1	0.9040141
MYH2	0.90400493
RIMS2	0.90397185
TDP1	0.9039419
UNC45B	0.9038997
MECOM	0.9038887
ANK1	0.9038278
ABCA1	0.9037908
ANK1	0.90375334
POLG	0.9037214
WDFY3	0.90370923
ACTN2	0.90370697
MTOR	0.9037049
LRP1B	0.9036679
MMP16	0.90362465
A1CF	0.9036167
ZC3H12B	0.9035954
UBIAD1	0.90358263
HHIPL2	0.9035732
LIFR	0.90354395
ACKR1	0.9035095
MAP7D2	0.90344894
ARHGAP35	0.90343153
BUB1B	0.9033884
CTNNB1	0.9033813
FAT1	0.903336
CNTNAP2	0.9033307
RIMS4	0.9033159
SYNE1	0.903313
ZMYM1	0.90330005
OSR1	0.9032994
COL4A5	0.90325665
SPANXN3	0.90322787
EPHA3	0.9032204
SNTB1	0.90322
ANK1	0.9032022
VPS45	0.9031568
SRGAP3	0.90313387
COL5A2	0.9030879
GALNT13	0.9030627
KIAA1755	0.90305644
EIF3E	0.90302044
CNTNAP2	0.9030185
TEC	0.9029976
EFNB2	0.90294784
TNC	0.90291005
RBM10	0.9028931
NBEA	0.9028866
TEC	0.9028686
INO80D	0.9028671
SLC6A15	0.9028082
A1CF	0.90280473
TPTE2	0.9027879
FRYL	0.90277416
KCNS2	0.9027622
UBQLN1	0.9027531
SMAD2	0.9027208
FAM171A1	0.90271556
FAT1	0.9026934
BTBD10	0.90268636
OPN5	0.90268433
KIF5B	0.9026709
HOXA9	0.90266395
FBXL3	0.90263987
BUB1B	0.90262425
CUL3	0.90261173
HEATR5B	0.9026102
SLC8A3	0.9025973
TKTL2	0.90254986
RUNX1T1	0.90254486
ATP2B3	0.9025222
FLRT2	0.9024602
FAM47C	0.9024361
FCGR3A	0.90243
PLRG1	0.902429
FLNA	0.9024125
CDH10	0.9023989
NDST3	0.9023934
B4GALNT4	0.90238446
CTNND2	0.90236735
OR10G4	0.902278
FAM47C	0.9022542
NAA80	0.9022534
H2BW1	0.9022386
CHEK2	0.90223664
FAT4	0.9022155
PCDHGA5	0.9022033
HDAC9	0.9021804
GABRG3	0.90217376
TRPM5	0.9021259
MMP2	0.9020591
SETBP1	0.902056
ROBO2	0.9020393
TAFA5	0.9020237
CSMD3	0.9020035
MRAP2	0.90199023
GABRA5	0.9019894
PHF12	0.90195876
FAM78B	0.9019456
NLRP7	0.90190804
GRM1	0.9018968
TEC	0.9018809
BRIP1	0.90182805
MLLT3	0.9018204
WDR35	0.9018042
UTP25	0.9017851
PCYOX1	0.90176785
FAT1	0.90176725
ARHGAP5	0.90174866
MYH7	0.9017366
NFYC	0.9017334
ADAMTS12	0.901726
PSEN2	0.9016476
CSMD3	0.9016256
DDX27	0.9016225
SCN2A	0.90160847
LILRB1	0.9015944
EML5	0.90158767
HGF	0.9015828
SLC24A1	0.9015771
ACSM5	0.9015692
TAZ	0.90154415
LRP1B	0.9015199
RBM46	0.90148306
CIB4	0.90143985
SGK1	0.9013618
SLC6A1	0.90135944
MUC16	0.9013411
SMG1	0.9013385
GRM8	0.9013191
FOXO1	0.90129995
FAT3	0.9012807
ASAP1	0.9012674
PKHD1	0.90123177
PTPRK	0.9012176
SMG9	0.9011951
CSMD3	0.9011949
TNC	0.90118986
ADAMTS1	0.9011839
FH	0.9011504
POU6F2	0.90107906
MAP3K5	0.90100646
MARK1	0.9009775
BPNT2	0.900955
OCRL	0.9009156
CRTC3	0.90090346
EPHB6	0.9008745
PCDHA1	0.9008627
MECOM	0.9008062
SYT4	0.9007602
ACY3	0.900744
BUB1B	0.9007104
BMP7	0.90066075
FOXN4	0.9006364
AGBL5	0.90062934
ABCA5	0.9006293
AMER1	0.9006068
TSSK1B	0.9005951
ERBB4	0.90054286
GALC	0.9005043
ZNF559	0.90048814
SNX14	0.9004819
CNTNAP2	0.9004756
IKZF1	0.90040946
COL25A1	0.9003222
ERCC6	0.900279
RFX6	0.900246
NLRP11	0.90023947
CFAP54	0.9002283
HIP1	0.9001824
MAP2K1	0.90016174
KMT2A	0.90014917
MDN1	0.90009695
SORCS3	0.9000695
ZEB1	0.90004593
FAT3	0.9000375
DCTN1	0.9000312
EPHA7	0.9000008
CHSY3	0.8999965
CNTNAP5	0.8999717
BCL11A	0.8999574
CCDC178	0.89994884
COL3A1	0.89993083
PI4KB	0.8999264
CSMD3	0.8998848
CNTNAP5	0.8998565
MPHOSPH6	0.8998558
TSHZ3	0.8998544
CDH9	0.8998492
ACVR2A	0.8998438
ZSCAN21	0.899843
ACTRT2	0.8998363
HCRTR2	0.8997773
CBL	0.89976025
SOX11	0.89973736
ALMS1	0.8996981
FZD10	0.8996595
SCAMP2	0.89963603
C12ORF66	0.8996311
BTK	0.8996058
KCNIP1	0.8995946
ASPM	0.89952326
GYPB	0.89948976
RSPO2	0.8994781
OAT	0.8994315
CSMD3	0.89941907
KRT33B	0.899403
MEGF10	0.89939356
AMER1	0.89936256
CDH10	0.89934206
ZEB1	0.89933723
CSMD3	0.89926684
SETBP1	0.89926267
STAG2	0.899243
FGF1	0.8992137
PHETA2	0.8992005
PSKH1	0.89919317
ZEB1	0.89919186
SEPTIN7	0.8991745
ST6GALNAC5	0.8991677
ALK	0.89916533
MUC16	0.8991601
RPS6KA6	0.8990719
PLCH2	0.89906204
TECTB	0.8990529
HNRNPA2B1	0.89903903
PLPP4	0.8989693
ALLC	0.8989279
MB21D2	0.8989188
ARID5B	0.8989028
HK2	0.8988548
NALCN	0.89884734
TGM4	0.89883065
IRF5	0.89880025
TET1	0.8987485
TRIM36	0.8987399
CDC27	0.89872676
SKAP2	0.8987054
RAB5C	0.8986801
PPHLN1	0.8986241
APOB	0.8985851
RGS7	0.8985525
HNRNPA2B1	0.898543
FOXA1	0.8984753
UGGT2	0.898451
LYST	0.89844453
MEGF10	0.8984168
RYR3	0.898396
FBN2	0.898392
CDK12	0.89837486
NRG1	0.898369
STAB2	0.89836675
PTPRD	0.89825946
SOX7	0.8982399
GRIN2A	0.89818925
CNTNAP2	0.8981694
VCP	0.8981488
COL5A1	0.89814746
FLRT2	0.8981199
SLC20A2	0.8981157
ADAMDEC1	0.89810574
NALCN	0.8980868
MYH11	0.8980832
FAM120AOS	0.8980766
APC	0.89805347
HOXC12	0.8979893
PGM2L1	0.8979759
NRG1	0.8979628
ENPEP	0.8979596
PTGES3L-AARSD1	0.8979587
MED12	0.8979394
CDH10	0.89793086
KRT38	0.89788586
MUC16	0.8978838
ATG3	0.89788
ENO2	0.8978388
COL4A5	0.89782715
ZNF521	0.8978011
DOCK2	0.8977639
MUC16	0.8977526
NOTCH1	0.8977334
PKHD1L1	0.8977029
MYH11	0.8977024
SETBP1	0.89769244
LEF1	0.89764816
ZNF451	0.897645
TAL1	0.89762473
PDGFRA	0.8975948
MUC16	0.89756423
CDK4	0.89748096
FURIN	0.89743555
SMO	0.8973749
TBX18	0.8972926
BRIP1	0.8972911
CLTC	0.8972709
SIX2	0.89725924
SNTG1	0.8971759
PCDH15	0.8971555
BTNL2	0.89713407
POLD1	0.89712983
GABRA3	0.8971195
STK10	0.89710516
ZEB1	0.89708376
PIEZO2	0.8970718
RRAS2	0.8970587
A1CF	0.89704365
CETN1	0.89703923
ZEB1	0.89703876
CABCOCO1	0.89702624
ZNF521	0.89700705
MB21D2	0.89699244
EIF4B	0.8969679
GNA13	0.89694226
SI	0.8969271
ADAM33	0.89690214
RIT1	0.89684284
SLC25A12	0.8968286
DDX46	0.8968213
LY75	0.896814
CSMD3	0.8967988
LRP1B	0.89677197
NFIX	0.89675677
BCL3	0.8967401
VIRMA	0.896728
KDM6A	0.8967194
PPP1R9A	0.8966654
GPR158	0.8966343
BCL9L	0.8965727
ITK	0.89656943
SLC37A2	0.89656824
PDCD1LG2	0.8965212
RANBP2	0.8965018
TENT5A	0.8964948
PXYLP1	0.89645463
KCNIP1	0.896448
SBF2	0.8964277
TEC	0.8964158
PPWD1	0.89641434
TRAPPC6A	0.8964079
HDX	0.8964014
SIAH3	0.89637554
AMER1	0.8963511
PDE4DIP	0.8963124
LRRIQ1	0.8961953
BRIP1	0.89616674
LRFN5	0.89614344
B4GALT5	0.8961019
POLR2A	0.89608634
CSMD3	0.8960846
ANK1	0.89606375
LRP1B	0.8960531
FLT4	0.8960489
ADCY2	0.89597243
BMT2	0.895965
HELQ	0.89596367
ZEB1	0.8959561
PRKD1	0.8959282
TRIM46	0.8959261
ZEB1	0.8959181
DHX37	0.8959097
CLSTN2	0.8958774
COL3A1	0.89586645
BIRC6	0.89585066
SCN1A	0.8958006
WWP1	0.8957833
MFSD8	0.89578056
CSMD3	0.8957685
BSX	0.8957406
CASS4	0.89572436
LY9	0.89569736
PRKD1	0.8956892
FAT3	0.8956767
LCMT2	0.89567304
TAGLN3	0.89562356
LBX1	0.89560896
SYNPO2	0.8955987
SETBP1	0.89558065
CLEC4F	0.89550424
RPN1	0.8954953
ZEB1	0.8954125
MUC16	0.8953971
MUC16	0.8953813
CSMD3	0.89534414
MIGA1	0.89531314
GRIN2A	0.89529705
TBL1XR1	0.89529324
HGF	0.89527833
FAT1	0.8952711
MAGEA6	0.89525366
CSMD3	0.8952506
SRCIN1	0.89524776
YBX3	0.8952427
SSH1	0.89523923
MUC16	0.8952334
MUC16	0.89520264
QDPR	0.89518183
MITF	0.8951806
CSMD3	0.89517826
FAM47C	0.89517766
RHOJ	0.8951614
CSMD3	0.8951084
KCNA10	0.89508104
GNL2	0.8950749
LEF1	0.8950689
LRP4	0.8950548
IRX6	0.89501065
ABCG4	0.8949993
CTNND2	0.8949933
ERBB4	0.89498276
KCNB2	0.8949056
SLC6A13	0.8948775
PCDHA11	0.8948725
RPS6KA6	0.89486617
SLAMF8	0.8948639
ALDH4A1	0.89479065
BTBD9	0.8947875
ACKR4	0.89477247
RBM10	0.8946976
FAT4	0.89469236
KCNJ5	0.8946824
CNTNAP2	0.8946527
LRRC7	0.8946366
CDK6	0.8946111
OSBPL7	0.89460874
KRT35	0.89457977
GATA2	0.8945384
EPHA7	0.8945366
MFSD8	0.8945002
FAT3	0.8944952
BCL9L	0.894463
RFX2	0.8944562
VPS35	0.8944485
PCLO	0.89431894
ADAMTS3	0.89428043
CDSN	0.89424646
FRZB	0.8942382
BIRC6	0.8942359
LRP12	0.89423126
FAM47C	0.89422846
MMS22L	0.8941999
CNTNAP2	0.89419115
SETBP1	0.89419025
ANK1	0.8941604
CPAMD8	0.89413476
UIMC1	0.8941302
ARGFX	0.8941209
PI4KB	0.8940821
MYO1G	0.89398783
CIC	0.8939569
P4HA1	0.8939462
CORO1C	0.89393276
NEB	0.89392984
CDH8	0.89391404
TSPAN12	0.89390576
LARP4B	0.8938781
OR2H1	0.89383763
SLC14A2	0.89381003
TFRC	0.89380544
MUC16	0.89379984
MUC16	0.89377546
CNTNAP2	0.8937588
FAT4	0.8937489
KDM5A	0.89374304
PTPN13	0.8937319
CSMD3	0.89371574
POM121C	0.8936798
ANK1	0.89363873
FAT4	0.89352447
NUMA1	0.8934998
ANKS6	0.8934832
CNTNAP2	0.8934504
NOTCH2	0.8934439
GMEB2	0.89343244
PBX2	0.89343125
RFT1	0.89341515
KDR	0.89338064
FAT3	0.89334863
POLR3B	0.8933399
DGCR8	0.8933199
CNTNAP2	0.89331925
ITGA8	0.89327407
MUC16	0.8932419
NOX1	0.89320457
TFPT	0.89315987
CRTC3	0.8931518
ATP2B3	0.8931402
KMT2C	0.89311165
NALCN	0.8930725
SLC4A2	0.893072
CHD2	0.893051
CKAP5	0.8930271
CLSPN	0.8930222
ACTB	0.893014
PLXNA2	0.89300734
ITM2B	0.8929536
GRIK1	0.89293337
TMEM168	0.8929157
TCF4	0.89286876
EPS8	0.89280355
FCGR2B	0.8927688
BPNT1	0.8927453
SLC30A6	0.89273995
FAM135B	0.89267147
ATP2B3	0.8926707
CHD5	0.8926595
LRP1	0.892652
MED12	0.8926338
TBX18	0.8926309
ENOX1	0.89262545
LINGO2	0.8926093
ABCC4	0.8925957
KMT2D	0.8925681
NALCN	0.892536
CLCN1	0.89250857
ADGRL3	0.89250165
FIG4	0.89248073
CSMD3	0.89246523
PTPRD	0.89245343
BCL6	0.89243513
AFF2	0.8923968
CTNND2	0.8923941
NF2	0.8923938
CSMD3	0.892385
DAW1	0.8923725
CYRIA	0.8922682
FREM1	0.8922592
GATA2	0.89225495
CDH10	0.8922405
USH2A	0.89221656
SRCIN1	0.89220995
HGF	0.8921769
TAOK1	0.8921673
RBM10	0.8921623
MYH11	0.8921442
ECEL1	0.8921199
RERE	0.89210266
RELN	0.89207715
MYH11	0.89206034
TAF3	0.8920603
AK7	0.89205927
MYLK	0.892032
ANK1	0.8920206
AK5	0.8920113
AMER1	0.8920004
PCDH19	0.891988
LRP1B	0.89198524
PCLO	0.8919767
WRN	0.8919662
SMARCA2	0.8919466
MYH1	0.8919461
DSG1	0.89192814
MUC4	0.89191604
GRM7	0.8918952
LRBA	0.8918901
XDH	0.8918719
TMEM145	0.89186287
JMJD1C	0.891849
DHX37	0.8918233
LRP1B	0.89178485
UNC13C	0.89176553
DSCAM	0.8917536
IGF1R	0.89174414
ATP2B3	0.891744
SH3TC2	0.8917259
COL4A1	0.89170516
CLUH	0.8916585
GRID2	0.8916398
GRIN2A	0.8916362
LRRC66	0.89162534
CSMD3	0.8916203
PTPRT	0.8916043
COL9A1	0.8915894
TEKT1	0.89154875
ADAMTS9	0.891516
CRAMP1	0.89150774
EPB41L3	0.89149594
MITF	0.89149
PXDN	0.8914638
AMELX	0.89143896
SETBP1	0.89141864
MUC16	0.8914112
PDGFRB	0.8913692
PRDM1	0.8913546
POU3F2	0.8913357
PDS5A	0.8913259
MED12L	0.8912884
MUC16	0.89127415
MARCHF10	0.8912652
ANK1	0.89125025
KRT14	0.8911813
TNC	0.89106995
MUC16	0.8910509
ADAMTS12	0.89101374
CSMD3	0.8909999
CREB3L1	0.89098
OTUD7A	0.8909765
BCL2L13	0.89095086
EPB41L3	0.890925
RAPGEF6	0.89090455
NRP1	0.89090276
PTPRZ1	0.89087975
FAM135B	0.89086276
DPP8	0.890838
ST18	0.8908077
OR2L3	0.89079714
MYO3A	0.8907499
SND1	0.8907383
TUT7	0.8907358
CLIP1	0.89073455
BRCA2	0.8906994
ATP2B3	0.89069694
TECPR1	0.8906857
DACT1	0.8906719
GHR	0.8906546
IRF8	0.890616
A1BG	0.8906158
FREM1	0.8905911
FAT1	0.8905896
OPRL1	0.89057165
OPRL1	0.89056593
LRP1B	0.89056194
ZFHX3	0.8905008
RIT1	0.8904541
KCND3	0.8904333
USP6	0.89042133
MRAP2	0.890403
MED12	0.89034426
PTPRB	0.89029664
RPSA	0.8902611
ACSL1	0.89022994
TNC	0.8901955
PTPRD	0.8901666
ANK1	0.89015996
NLGN1	0.89013976
OR4D2	0.89013124
SLC8A3	0.8900868
KIAA1549	0.8900796
ILDR2	0.8900698
KCNH7	0.890067
DDHD1	0.8900631
BUB1B	0.89006305
ZEB1	0.8900576
SUPT5H	0.89005256
SLC11A1	0.8900054
SPATA19	0.889995
ABL2	0.8899648
SLC5A7	0.8899493
BEND4	0.8899062
TYW3	0.88988084
MED13L	0.8898657
EIF3D	0.88986087
COL3A1	0.88980675
SKAP2	0.88979876
GBP2	0.88979036
HSPB7	0.88979036
CNTN3	0.8897888
HAL	0.88978726
CALHM1	0.8897244
TNC	0.8896836
ZFPM2	0.8896817
ASPM	0.8896628
COL4A1	0.88965464
LRP12	0.8896463
IGFBP5	0.8896429
ZAN	0.8896417
ATP11C	0.8896164
LRP1B	0.88958514
PTPRT	0.889554
COL1A1	0.8894945
CNTNAP2	0.8894624
SKAP2	0.88944155
CCKAR	0.88942075
FAT3	0.8894201
OXSR1	0.88941646
XXYLT1	0.8893661
ITGA4	0.88936234
MCAM	0.88931394
CNTNAP2	0.8893065
FAT1	0.88926923
BUB1B	0.8892599
FAT4	0.889259
MUC16	0.8892419
COL2A1	0.88921887
CSMD3	0.8891681
CDH8	0.8891573
RIMS4	0.8891184
GUCA1A	0.8891164
ATRX	0.88911283
TNC	0.88909405
TAS2R1	0.8890796
ANK1	0.889078
OSBPL11	0.88907367
FAT1	0.88906986
ZNF254	0.88906336
SEMA5A	0.8890383
PRB4	0.889038
MYH11	0.8890292
LRP1B	0.88901186
FAM47C	0.8889968
ZEB1	0.8889938
IFI44	0.8889925
LY75	0.8889866
CACHD1	0.8889797
CSMD3	0.8889658
TRPM6	0.8889579
SGO1	0.88892865
KCNA2	0.8889193
LHPP	0.888907
MECOM	0.88890076
WNT2	0.88885033
PREX2	0.8888117
CAVIN1	0.88879186
ABCB11	0.8887918
PI15	0.88878036
SRGAP3	0.88878036
CAMTA1	0.8887769
MTOR	0.888765
SF3B1	0.8887228
PTPRK	0.8887193
SRPK2	0.8887178
IVL	0.88870895
MAP2K4	0.8886596
CCNE1	0.8886579
LRP1B	0.8886296
MAGI3	0.88858116
SMARCAD1	0.8885313
PRKCB	0.8884886
CERK	0.8884655
AFF4	0.88846475
HDC	0.8884587
TNC	0.8883965
SYT9	0.8883811
FAT1	0.8883595
SCN9A	0.88834494
ABL2	0.88827175
LRP1B	0.8882633
RADIL	0.8882508
RGS7	0.88822114
UBA6	0.8882186
PTPRD	0.8881844
BCL9	0.88816565
CAPN13	0.8881204
ZKSCAN2	0.8880854
WNT10B	0.88806283
KDELR1	0.88805485
XKR7	0.88804865
FAT1	0.888037
KLHL6	0.88801664
LCE3E	0.8879549
KCNA4	0.88795006
BCOR	0.8879278
FCRL2	0.8878861
PRKD1	0.8878618
BRIP1	0.88783604
PITPNC1	0.88778037
ZEB1	0.8877572
KMT2D	0.88770956
RNF20	0.88768
TPR	0.8876649
BRCA1	0.8875952
ZNF492	0.88756204
POLE	0.8875553
RIMBP2	0.8874964
FGFR4	0.88745475
CTNND1	0.8873833
ITGAV	0.8873772
LRP1B	0.8873677
OPRK1	0.8873618
FAM47C	0.88729066
GRM3	0.8872897
LRFN5	0.8872876
TRIB2	0.8872825
MB21D2	0.8872737
USP9X	0.8872631
TNXB	0.88723695
ATP2B3	0.88717514
ABCC5	0.88717425
HAPLN1	0.88714576
FAM47A	0.8871287
EPHA7	0.88711923
MYH2	0.88710904
RUNX1T1	0.8871088
GABRR2	0.8870922
MUC16	0.8870858
ZEB2	0.88702095
TARBP1	0.88701665
ZCCHC13	0.88699234
BCOR	0.8869892
ANK1	0.8869652
EPHA7	0.8869231
GRIN2B	0.88688916
SARDH	0.88688385
CTNND2	0.88684446
ZFX	0.8868424
TRPA1	0.8868313
MUC16	0.8868124
SMR3A	0.8868109
XPO1	0.88677025
BMT2	0.8867669
COL1A2	0.88675135
CTNND2	0.88671494
MUC16	0.8867071
ATR	0.88666844
ARHGEF12	0.8866638
MARCHF3	0.88664514
TTN	0.8866449
COL1A1	0.88663554
JAK1	0.88654137
IQSEC3	0.886501
TPM4	0.8864681
CSMD3	0.886444
ANO3	0.88636065
KL	0.88634974
GRIN2A	0.8863489
NCOA2	0.8863223
PUS7	0.88629264
ZBTB44	0.8862812
GLRA1	0.8862658
DGKI	0.88624656
CSMD3	0.8862382
REV3L	0.88622546
PYGM	0.8862194
MS4A5	0.88618684
S1PR1	0.88614184
CCDC146	0.8861394
PRSS16	0.88613236
MMP9	0.8861133
KANSL1	0.88611263
PEG3	0.88607013
PDCD4	0.8860659
KAT6A	0.8860187
LRRC7	0.886006
CTNNB1	0.88598394
WNT3A	0.8859791
LRP1B	0.8859451
HECTD1	0.88589424
CDH8	0.88588625
ARHGEF10L	0.8858816
KDR	0.885878
ATP10A	0.88585675
GRM5	0.88585633
CCKAR	0.88584137
FAT3	0.8858312
PTPRD	0.88577104
ARID2	0.88573426
TUBA1B	0.8856851
ZNRF3	0.88562804
FASN	0.8856278
CTNNB1	0.88561326
ZNF668	0.88561296
BCL11B	0.8856021
OTOP3	0.8856007
WRN	0.88560015
CACNA1F	0.88557684
CNTNAP2	0.88555723
GABRB3	0.88548505
GRM8	0.88548183
ANK1	0.88546985
AFF2	0.8853986
F8	0.8853669
CHRNB2	0.8853591
PBRM1	0.8853252
PTGS2	0.88530886
PORCN	0.88530016
TEC	0.8852754
RHBDF2	0.88524663
ANK1	0.88524103
CSMD3	0.885234
DCHS1	0.885193
AHNAK	0.8851658
WDFY3	0.8851019
KCNH5	0.88509583
TMTC1	0.8850894
KMT2A	0.88505965
GRIN2A	0.8850474
WDR44	0.8850249
ADAMTS3	0.8850129
ARHGAP35	0.8849995
TMCO4	0.8849962
PPP2R1A	0.8849843
ADAMTS2	0.8849816
TARBP1	0.88494873
EXOC3	0.8849194
MYO5A	0.8849117
GAL3ST4	0.88490915
CSMD3	0.8848776
OR52N2	0.8848496
OR10R2	0.88484395
NFASC	0.8848425
C2ORF78	0.8848176
TNN	0.8848019
FAT3	0.8847962
DSC3	0.8847851
HPCAL4	0.88476336
HOXC11	0.88475937
CDK12	0.88472426
ZNF84	0.88472104
PARP14	0.88471097
BID	0.8847059
EPHA10	0.88470054
ANKFY1	0.8846694
SNTA1	0.8846662
GATA3	0.88464856
DCAF12L2	0.8846133
ARHGEF10	0.88461185
NOTCH1	0.88453335
PTPRD	0.8845242
ADAT2	0.8844903
MYH7	0.8844118
TSHZ3	0.88437986
NYAP2	0.88437134
CSMD3	0.8843462
PRKG1	0.8843175
TNR	0.8843042
SI	0.88426083
ADAMTS12	0.88425016
LRP1B	0.8842452
KIF15	0.8841888
PGBD1	0.8841884
CYP4F11	0.8841733
SNX9	0.88413095
LHFPL4	0.8841109
BRIP1	0.8840772
PTPRD	0.8840442
GRIN2A	0.8840384
UNC5D	0.8840259
MEF2C	0.884024
PBRM1	0.88397956
PDE10A	0.883964
ZEB1	0.88395184
PDE4B	0.8839445
GXYLT1	0.8839164
MB21D2	0.8839081
NRXN3	0.8839021
MGAT3	0.8838099
BTK	0.8837965
FLT3	0.8837906
RET	0.8837784
LRP1B	0.88377786
HIVEP3	0.883749
SDK2	0.883693
LDHAL6B	0.8836111
TRIM71	0.8836033
SLC5A12	0.88359064
CSMD3	0.8835554
METTL18	0.883532
SLIT3	0.8835072
F8	0.88349235
BCL9L	0.8834348
KMT2C	0.8834249
FOXP1	0.8834035
RALGAPA1	0.88337004
OR6C1	0.88336015
HEATR5B	0.8833493
SNAP91	0.8833348
MAPK1	0.8833161
BAZ1A	0.88329405
SFPQ	0.8832681
TCP11L1	0.88326615
RSPH3	0.8832661
SUPT6H	0.8832084
CSMD3	0.8832003
BBOX1	0.8831105
PAK5	0.8830904
AP1G1	0.8830719
YY2	0.8830476
COL8A1	0.8830211
RPE65	0.8830007
TTN	0.88297194
ZFHX3	0.8829631
PSAP	0.8829575
KIAA1109	0.88294196
CSMD3	0.88292164
ARID1B	0.88290673
NFATC2	0.8828986
KIN	0.8828744
ONECUT2	0.8828184
ALG3	0.88280904
ADAM19	0.88276374
ALK	0.8827521
CACNA1D	0.88271016
RAB40C	0.8826375
AMER1	0.8825815
DAAM2	0.88257676
LECT2	0.8825685
CSMD3	0.8825382
PEX2	0.88252085
R3HCC1L	0.8824672
KLHL1	0.8824509
NLRP3	0.88242924
BMP7	0.8824042
ACTG2	0.8823833
NUTM2D	0.8823772
FAT4	0.8823599
SVOPL	0.88230723
SERPINA6	0.88230604
STAB2	0.88227427
NUP98	0.88226795
BCL9L	0.88226724
ALK	0.8822353
MAGEC1	0.88222086
INSYN1	0.8822206
ITGAD	0.88222015
SPATA1	0.88221896
FAT1	0.8822157
FBN2	0.88218623
SPAG9	0.88214815
DNMT3B	0.88213557
GRIN2A	0.88212156
NTRK3	0.88206965
FMNL3	0.8820616
BACE2	0.8820598
PID1	0.882036
LTBP2	0.88202167
DCAF8L1	0.88201284
LRRC7	0.8820084
WT1	0.8820082
MUC16	0.88199633
BRIP1	0.88197106
AHCYL1	0.88192713
KLF5	0.8819211
MTOR	0.88190496
ROR2	0.8818372
GPR158	0.88181347
IL36RN	0.8818039
CEBPZ	0.88177145
CTSF	0.8817704
HCFC1	0.88175386
MUC16	0.8817409
NOL6	0.881733
CD72	0.8816633
ANO2	0.8816454
TNR	0.8816291
OR6C75	0.8816282
CACNA1S	0.88162154
MYH6	0.88159376
IPO11	0.88158405
SEC24C	0.8815837
ANK1	0.88157994
ADAMTS1	0.88157594
ALK	0.88156515
ABL2	0.8815415
NFATC2	0.8815358
TRDN	0.8815071
PAMR1	0.8815061
FLG2	0.8814986
LPA	0.881493
MUC16	0.8814875
GBA	0.88145673
NUDCD1	0.88144606
KIF6	0.8814144
PSG9	0.8814093
RSPO2	0.88135713
RBM10	0.8813385
HOOK3	0.881323
LRFN5	0.881304
MLF1	0.88130105
KIR2DL4	0.8812929
PDCD1LG2	0.8812853
LRP1B	0.88128257
RRAD	0.88123566
MUC16	0.8812023
MYH13	0.8811673
CDH8	0.8811568
KAT7	0.88112473
ENPP6	0.8811219
CNTNAP5	0.88109845
CSMD3	0.8810586
HRNR	0.881039
XPO1	0.8810371
P3H1	0.88103133
PLXNA4	0.8810276
PTPRD	0.8810212
SLC12A9	0.88101363
QTRT1	0.8810059
ST18	0.8809968
CBLB	0.88099647
CSMD3	0.880965
LPCAT4	0.88096386
GLT8D2	0.8809111
CSMD3	0.88089263
APOOL	0.8808797
GRIN2A	0.88087213
GRIN2A	0.8808686
PLP1	0.8808509
UBR5	0.8808354
ITGB1	0.88083017
VPS50	0.8808106
HOXC11	0.88073874
GATA2	0.88072735
ZGRF1	0.88071036
PDGFRA	0.88068914
TMEM63B	0.8806841
GPHN	0.88063437
GRIN2A	0.8806068
PPP1R13B	0.8805672
ZNF706	0.8805459
POT1	0.8805317
RASGRP3	0.8805274
CHL1	0.8805244
PAX2	0.88048416
PKP1	0.88047844
PTPRD	0.88047224
COL3A1	0.8804629
KCNQ2	0.880459
SZRD1	0.8804571
SIPA1L2	0.8804543
CNTNAP2	0.8804518
OR10H4	0.8804252
SEMA5A	0.88042086
PDZRN3	0.88032854
HK1	0.88032335
SKAP2	0.8803226
LCT	0.88031745
BCOR	0.88029677
MCOLN2	0.8802686
OPRL1	0.8802546
DCN	0.8802499
GLI3	0.88023156
HLA-G	0.8802267
AFF4	0.8802171
MALT1	0.8802167
SMAD2	0.8801848
ERO1A	0.88013095
KCTD8	0.8801143
ZNF831	0.8801122
SORCS3	0.8800466
SCN2A	0.8800448
TSPAN12	0.88004464
CDH17	0.8800397
SKIDA1	0.8800391
MAS1L	0.88000786
PLP2	0.8800027
PIK3CG	0.88000095
ROBO2	0.8799813
RNF145	0.8799806
RBM10	0.87997764
GBA2	0.8799646
SOX30	0.8799548
CSMD3	0.8799502
CSMD3	0.87991464
TRRAP	0.87991244
CSF1R	0.8799044
ZNF25	0.87987506
BAX	0.879858
FOXA1	0.8798325
KANK1	0.87980145
STAT1	0.879794
MUC16	0.8797939
MYO10	0.8797398
EPHA7	0.8797325
ACKR1	0.8797217
PDGFRB	0.87970984
NDRG2	0.87969506
CHSY3	0.87966084
SLC7A9	0.87966025
KMT2C	0.87964886
RDH12	0.87963897
POLG	0.8796273
POLQ	0.87962675
POU5F1	0.8796054
GALNT18	0.8795923
ZC3H12B	0.8794882
PCDHB15	0.8794832
LRRIQ1	0.8794813
FANCA	0.87946343
RYR2	0.8794179
DTNA	0.87941575
C2ORF16	0.8793762
GABRB3	0.8793719
HOXD3	0.87937117
ATP2B3	0.87936395
SREK1	0.8793528
DHFR	0.879338
PENK	0.8793197
PCDH9	0.87931836
ADAMTS12	0.8793124
NDUFAF7	0.8792795
HMCN1	0.8792781
ZFHX4	0.87927026
FAM83F	0.87926877
KMT2D	0.87925434
BCOR	0.87924856
CHRNE	0.8792156
HECW1	0.87920755
EPHA7	0.87919164
EPHA7	0.8791773
SF3B1	0.87916154
TGFBR3	0.8791427
CASP8	0.8790928
TEC	0.8790809
ADAM19	0.8790775
PPP1R36	0.8790632
NALCN	0.87905467
PPIG	0.8790335
FAT1	0.87900877
LYST	0.8790037
PRKCB	0.8789808
LEF1	0.8789806
TYR	0.87897927
TEC	0.87893075
FAT4	0.8789132
GRIN2A	0.87888664
CSMD3	0.87887996
MS4A10	0.87887484
ZNF479	0.8788561
LRRTM4	0.87883145
PDGFRB	0.8788222
EML4	0.87881315
FAM47C	0.878765
ZNRF4	0.8787407
LAMP2	0.8786725
COL3A1	0.87866014
CCDC80	0.87863404
MSH6	0.87861484
COL11A1	0.8786082
TMEM151A	0.8786001
ZEB1	0.87858903
MYO5A	0.87858415
COL3A1	0.8785232
LARP4B	0.87851864
GALNT14	0.8784991
ALK	0.8784936
PDGFRB	0.87849045
FAM47C	0.8784349
KLHL2	0.8784228
SIRPA	0.8783923
AGO2	0.878385
GATA3	0.8783811
OR2M3	0.8783519
TRIP11	0.8783509
HIRA	0.8782962
LRP1B	0.8782956
NRG1	0.8782936
DICER1	0.8782316
FLI1	0.8781789
GSG1L	0.87816304
PPM1D	0.878146
TIAM1	0.8781445
SEMA6D	0.87810004
LILRA6	0.87806153
POM121L12	0.8780508
ATPSCKMT	0.8780353
TG	0.878017
ADAMTS12	0.87798756
DICER1	0.877979
FAM47C	0.87797034
TRIM71	0.87792426
CDH10	0.8779207
TNK2	0.87791896
CTNND2	0.8778999
RPGRIP1L	0.8778926
PIK3CB	0.87786615
BAX	0.8778566
C3ORF56	0.87783885
MB21D2	0.87782073
NKX2-2	0.8778195
CDX1	0.8778184
ZFHX3	0.8778141
CASP9	0.8778076
SSU72	0.8777905
ZBTB24	0.877789
KAT6A	0.8777726
MYO1D	0.8777712
MUC16	0.8777482
RAP2C	0.87773716
CSMD3	0.87771285
LGALS2	0.87769043
AFF2	0.8776595
STXBP5	0.8776524
DACT1	0.87763184
MUC16	0.87757564
CIT	0.8775281
MUC16	0.8775046
EIPR1	0.87750447
PTPRD	0.87749964
DST	0.8774506
DCTN1	0.87745047
FAM120A	0.8774484
MYH9	0.8774393
CRISP3	0.8774346
FLNA	0.87742555
RDH11	0.8774005
TEC	0.8773837
SETBP1	0.87735844
ARHGAP25	0.87735355
DOCK10	0.87730837
DAOA	0.877229
HOXB1	0.8772153
ANK1	0.8771763
MUC16	0.8771429
DAB2	0.8771172
EBF3	0.8771086
SUN3	0.8770602
SLIT1	0.8770444
MUC16	0.8770198
PLEC	0.87696946
AP5M1	0.8769499
TRIM43	0.876931
SFMBT2	0.8769227
BRIP1	0.87686485
C3	0.87684834
SPAG9	0.87682486
FH	0.8768133
COL3A1	0.87677664
SLITRK6	0.8767569
DOCK7	0.8767496
GALNT1	0.87673634
SIX1	0.87670916
PTPRD	0.87670517
DCAF12L2	0.8766854
ANK1	0.8766054
DNAJB4	0.8765846
OR4K1	0.8765717
LIN7C	0.876569
RP1L1	0.87655365
KCTD3	0.87654996
CIC	0.8765316
TNC	0.87650543
VTI1A	0.8765031
CSMD3	0.87648547
MATN1	0.87641704
TNC	0.8764111
COL3A1	0.87638885
ZFHX4	0.87638825
SLC34A1	0.8763416
KBTBD4	0.87632024
CSMD3	0.87630713
SH3KBP1	0.8762993
ABL2	0.876299
PZP	0.8762962
PPM1H	0.87629414
CARD11	0.8762459
CNTNAP2	0.8762267
CNTN5	0.8762224
VGLL3	0.8762102
GNAT2	0.87617797
ZIC4	0.8761376
ZNF638	0.8760942
NCOA2	0.8760861
PABPC1	0.8760819
WNK3	0.8760602
EXT2	0.87601733
OSM	0.8759898
RUNX1	0.8759797
NCAM1	0.875913
DGCR8	0.8759025
STRN	0.87589973
OMG	0.8758945
COL9A1	0.8758922
TECTA	0.8758885
CSMD3	0.87579423
FAM47C	0.875786
PCDHA6	0.8757292
STAB1	0.8756958
MFSD6	0.87568307
COL3A1	0.8756688
SEPTIN11	0.8756629
XKR3	0.87566084
CACNA2D4	0.87565017
SETD2	0.8755893
CSMD3	0.87557614
LTBP1	0.8755454
CARMIL2	0.8755422
CACNA1A	0.8755372
ZNF677	0.8755212
MBTPS1	0.87548417
SETBP1	0.87546563
TMEM168	0.875462
RBM24	0.87542486
DNAH1	0.8754195
LRP1B	0.875414
BCOR	0.87536323
PCDHA6	0.87532324
BUB1B	0.8753169
FAT3	0.87531585
TP63	0.87528825
TTN	0.87528193
COL12A1	0.8752735
EPHA7	0.8752537
MB21D2	0.8752474
RBM10	0.8752404
PDE11A	0.87516665
ADAMTS1	0.8751564
RANBP2	0.87515074
ASPM	0.8751183
SEMA5A	0.875074
TRPM1	0.87505525
MUC16	0.87504596
CSMD3	0.8750221
GMDS	0.8750199
LRP1B	0.8749649
FBXO38	0.87495834
MB21D2	0.8749479
WNT8A	0.8749112
BRIP1	0.8748627
LYN	0.87485504
ZNF208	0.8748503
RNGTT	0.8748212
PCYOX1L	0.87481225
MAML2	0.87480223
CLCN7	0.874789
MKLN1	0.8747798
ERBB4	0.87475944
GCLC	0.87472194
VEGFC	0.8746823
SPATA16	0.87467587
CASP8	0.8745846
LRP1B	0.87456906
MUC16	0.87455344
ANK1	0.87453175
PRKAA2	0.8745197
MUC16	0.8745098
ZFHX3	0.87447214
PPM1D	0.87446725
PDCD1	0.87443477
MYO5A	0.87442863
GPI	0.87442863
HLA-G	0.8744184
GRIN2B	0.87441516
SEL1L2	0.8743969
NXPE4	0.8743968
ING3	0.87438965
DOCK4	0.8743601
KTN1	0.8743428
FOLH1	0.874341
YBX2	0.8743016
TRPV1	0.87429464
HNRNPUL1	0.8742863
RBM44	0.8742349
PSG1	0.87422067
RALGAPA2	0.8742067
MUC16	0.8741975
MUC16	0.87417096
KL	0.87415904
TNC	0.8741375
SYNE1	0.8741168
CTNND2	0.8740567
SLC4A10	0.87403923
MYOD1	0.87403756
TRIM24	0.8740265
ZFYVE26	0.8740231
GATA1	0.8739841
RAPGEF6	0.8739798
MED13	0.87397945
ANK2	0.8738822
KTN1	0.8738719
GABRR1	0.87387055
CSMD3	0.8738636
BCL3	0.8738547
GABRB1	0.8738357
TPCN1	0.87382567
RBMX	0.873812
VCAM1	0.8737876
MATN4	0.8737855
BCL9L	0.8737683
PTPRD	0.8737679
SNRPD1	0.87375396
USP6	0.8737423
FJX1	0.87372303
LRFN5	0.87371933
SPEG	0.87371427
PC	0.8737067
INSL4	0.8737035
PLEKHG7	0.87368655
C2ORF16	0.8736854
MFN1	0.8736603
BRIP1	0.87365353
SLIT3	0.87360024
STAB2	0.8735832
PCDHB4	0.8735637
ALK	0.8735157
COL3A1	0.87350774
SLC25A30	0.87350553
HGF	0.873434
GPR37	0.8733816
GPR22	0.8733631
NALCN	0.87335694
ACAT2	0.87334037
IL17D	0.8733337
PCDHB13	0.8732668
CAPZA2	0.8732586
TRIM8	0.8732502
PTPRD	0.87322783
GABRB1	0.8731715
ANKHD1-EIF4EBP3	0.8731647
CTNND1	0.8731482
TMEM94	0.8731307
TTN	0.8731203
TEC	0.8730822
TLCD1	0.8730746
GRIN2A	0.8730735
PTPRD	0.87302345
GTF3C1	0.87301946
SGCD	0.8730092
VTI1A	0.87299466
TET1	0.8729487
LRP1B	0.8729123
NKX2-2	0.87291145
ETV1	0.8728866
SSBP3	0.8728644
GAS7	0.8728555
PSPC1	0.8728435
KL	0.87284005
CDH2	0.8728394
GRIN2A	0.8728351
POLE	0.8728305
PRKACA	0.8728201
ZEB1	0.8727994
ALK	0.872762
NPAS4	0.87275434
MYO1F	0.8727479
EFCAB12	0.8727413
CDH10	0.87273884
SULF1	0.8727316
JADE1	0.8727282
CUBN	0.8727204
UGGT2	0.8726898
FRMD4A	0.87268806
SMARCC2	0.8726685
NCOA2	0.8726459
DGCR8	0.8726276
SLC12A1	0.87260056
PDGFRB	0.8725971
ZFHX3	0.87259007
R3HDM2	0.8725834
STXBP5L	0.8725798
GLI3	0.87257785
ZNF331	0.87252176
STAG1	0.87252164
BCL3	0.8724802
SLC13A3	0.8724157
KCNQ2	0.8724135
PDGFRB	0.87240016
GRIK3	0.87238854
PCK1	0.8723672
MUC16	0.87236273
HS3ST3A1	0.87235713
BTK	0.8723533
NSD1	0.8723299
CNTNAP2	0.8722837
FAM184A	0.87228274
ZFHX3	0.87227154
ATRX	0.8722707
PHEX	0.8722527
ZFHX3	0.87225217
ERBB4	0.8722503
ANK1	0.87223285
GRIN2A	0.8722273
WLS	0.87222475
VAX1	0.87219894
PIK3CB	0.8721762
GHR	0.8721313
BAZ1A	0.8721262
TRMT2B	0.8721251
CHI3L1	0.8720071
WNT7A	0.87198424
CLIP1	0.8719611
CHRNA3	0.8719418
CSMD3	0.8719051
CUL4B	0.87187445
SSR3	0.8718613
PXDNL	0.87185633
CSMD3	0.871853
TRPM6	0.8718449
AFF3	0.87182695
TBL1XR1	0.8718109
ZFHX3	0.87179434
PCOLCE	0.87178695
SMO	0.87178004
PCDHGA2	0.87177587
CAMK2N1	0.871757
HIP1	0.8717066
KDM5A	0.8716909
FRZB	0.8716239
PLXNB1	0.87162375
CAMTA1	0.8715656
PRDM16	0.8715091
FAM47C	0.87143624
HPCA	0.87143576
TNC	0.8714012
ABHD13	0.87139
PTPRK	0.87138015
BCL9L	0.87134814
CNOT6L	0.8713318
IGSF1	0.8713222
PTPN3	0.8713215
TEX30	0.8713175
GABRA6	0.8713169
TJP1	0.87130857
CCDC9B	0.8712888
FAM135B	0.8712705
RORB	0.87124926
ABCC9	0.8712406
MYH7B	0.8711945
LRFN5	0.87117994
WDR7	0.8711649
CD84	0.8711622
KLHL38	0.87116027
NUP210	0.87112814
CIC	0.8711276
ELAPOR2	0.87112296
TFPT	0.87110496
ZNF345	0.87106866
GLI2	0.8710467
TTC39B	0.87104094
ANK1	0.8710391
SOS2	0.87103057
KMT2D	0.8710301
FOXG1	0.8710266
PIPOX	0.87101865
OR4S2	0.8709696
NKX2-1	0.87096703
ZNF521	0.87096494
RXFP2	0.87095654
DISP3	0.8709425
ABCC9	0.87093604
ARHGAP15	0.8709234
AMER1	0.8708749
PDE3B	0.87086296
CYYR1	0.8708379
SLC39A1	0.8707833
FSHB	0.8707324
SBF1	0.87073064
CSMD3	0.87070936
MLPH	0.87070835
LATS1	0.870687
SLITRK4	0.87067515
PTPRD	0.87065905
ZC3H12B	0.87063205
UNC45B	0.8705915
ZER1	0.8705852
CSRNP3	0.8705843
SMO	0.87055045
FAM47A	0.87053514
GPHN	0.8704938
CBLIF	0.87048346
ZNF43	0.8704511
RUNX1T1	0.87037444
PRKD2	0.8703525
CCDC197	0.8703267
GALNT1	0.8703249
SLC14A2	0.87031895
LRFN5	0.8703128
GABRP	0.8703109
USP9X	0.8703085
COL3A1	0.8702926
CACNG5	0.8702644
FAT1	0.87026423
DOCK2	0.8702598
ITK	0.8702266
RALGDS	0.8702184
COL2A1	0.8701932
PLA2G4A	0.8701782
NTRK3	0.87012756
ZFHX3	0.87011373
PTPRD	0.87010527
FUBP1	0.87009233
CSMD3	0.8700643
FAT3	0.8700489
RGS7	0.87003136
CACNA1A	0.8699993
CSMD3	0.86999035
INTS6L	0.86993605
ATG9B	0.8699018
CDH10	0.8698783
GRIN2A	0.8698704
THAP1	0.86986226
MYH2	0.8698496
UBAP2	0.8698267
C1ORF127	0.86978817
ZC3H12B	0.8697699
TRPM7	0.8697589
CSMD3	0.86975384
SLC8A2	0.8697161
GUCY1A2	0.8696938
CLIP1	0.8696934
ARID2	0.86969066
MRE11	0.8696728
KRTAP5-11	0.86967146
ANK2	0.86967146
GPHN	0.86967015
OR2L2	0.8696624
GABRB3	0.86962366
PSMD12	0.86962
ANK1	0.8695621
COL4A1	0.8695551
ACTN2	0.8695326
WRN	0.8695252
CAMTA1	0.86952055
KCNH2	0.8695126
KRT73	0.86950076
TRAF2	0.8694771
NBEA	0.8694687
CXCR4	0.86946243
LPAR3	0.8694514
COPA	0.8694495
POLE	0.8694192
EPHA7	0.86941385
APOBEC4	0.86937183
PRIM1	0.86935264
PSG9	0.8693461
STK35	0.86919767
STAT1	0.8691739
TRIM33	0.86913717
PTPRD	0.8691339
BCORL1	0.869123
PPM1D	0.86903095
MAP2K4	0.8690215
SEC22A	0.8690169
MUC16	0.8689835
CNBD1	0.8689381
PKP2	0.8689116
ATP1A1	0.8688996
SLC8A3	0.86889064
GPR85	0.8688593
ZAN	0.86884636
NEBL	0.8688334
BCL9L	0.8688321
OR5AS1	0.8688283
ANK2	0.8688152
AHCTF1	0.8688063
PRKAG2	0.86880445
ELL2	0.86877656
FNDC11	0.868752
CUL3	0.86869544
NMUR2	0.8686863
GRID2	0.86863756
MEOX2	0.8686284
HEATR5A	0.86861086
MUC16	0.8686103
NOS1	0.86860293
BUB1B	0.8685757
KIAA0408	0.8685746
LRP1B	0.8685733
FAT3	0.86854744
ZNF479	0.8685413
LRP1B	0.86850184
MUC16	0.8684894
PCDHA2	0.8684552
PXDNL	0.8684525
POLR2A	0.868432
FAT4	0.86840403
HSPA13	0.8683983
SLFN13	0.86839104
TRPC1	0.8683592
ACTN1	0.86834896
ATP2B3	0.868332
AFF4	0.86832166
FAT1	0.8682989
GRM1	0.86828506
TEC	0.8682771
LRP1B	0.8682757
KDR	0.8682712
XXYLT1	0.8682658
RYR1	0.868236
MED12	0.8681889
USH2A	0.8681803
DST	0.86815643
CHAT	0.86813325
UGT2A1	0.86811334
USP32	0.8681087
SFRP4	0.8681048
FAT1	0.8680826
HNRNPA1	0.86808157
KIFC3	0.8680749
FAT4	0.868064
MUC16	0.86806047
FAT1	0.8680569
SLMAP	0.8680035
GEM	0.8679719
EML4	0.8679565
WDR45	0.8679506
FAT1	0.8679151
PCDHGA9	0.86790496
PTPRT	0.8678935
EHF	0.86786765
CSMD3	0.86779714
BCL11B	0.8677926
ASTN1	0.8677797
COL4A1	0.8677692
CDH11	0.86774904
C1QB	0.8676979
SACS	0.867694
FAT4	0.86763936
ABCB5	0.86763424
MAF	0.8676254
R3HDM1	0.86758614
LRP1B	0.8675689
IGF2BP2	0.86754024
TBL1XR1	0.86752534
MYH11	0.867525
WWTR1	0.8675215
ZEB1	0.86748827
CTNNA2	0.86748815
RECQL4	0.867464
SLC1A2	0.86743456
MDGA2	0.8674285
HCK	0.8674166
DIAPH3	0.8673829
MYH7	0.86737406
MC2R	0.86734855
MYH9	0.86730415
NALCN	0.8672943
PALB2	0.8672716
DIDO1	0.86726946
SLC17A6	0.8672611
AMER3	0.86725956
KCNH3	0.8672477
PPP2R5D	0.8672346
LRP1B	0.8672328
CSMD3	0.8672202
MUC16	0.86721665
COL3A1	0.86721504
ASPM	0.86721414
EPB41L1	0.86718166
RETREG1	0.8671738
SACS	0.8671678
PDCD1LG2	0.867111
SFRP2	0.86710083
SLC6A15	0.8670279
ADH6	0.86698663
ATRN	0.8669851
KLHL4	0.8669639
RPGRIP1L	0.8669608
KCNH2	0.8669518
CNTNAP2	0.8669408
PASK	0.8669001
MALT1	0.86689055
ZNF521	0.8668827
KMT2C	0.86688197
ANKRD28	0.8668492
TXLNA	0.86684316
XIRP2	0.86682415
TANC2	0.8668241
MUC16	0.86682343
RIMS2	0.86678815
MB21D2	0.8667704
PSIP1	0.8666806
ZFHX3	0.86667377
SNCB	0.866671
ACVR2A	0.86664987
HOXD10	0.8666438
SLC20A2	0.86663806
DNAH11	0.8666372
NCOA4	0.8666203
ADAMTS1	0.866606
COL3A1	0.86658293
NCOA6	0.8665284
BUB1B	0.86652607
CTNNA2	0.8664919
DFFB	0.86647886
FOXF1	0.8664703
LRP1B	0.86646056
SDK2	0.86644846
FLI1	0.8664456
PALB2	0.86642843
FCGR2B	0.8663923
RAB28	0.8663312
E2F1	0.86633086
C12ORF40	0.86632293
ZZEF1	0.866306
KRTAP15-1	0.86626095
MB21D2	0.866224
MUC16	0.8662082
KDM5A	0.86616755
ZEB1	0.86611617
KLK13	0.866082
APOBEC3H	0.8660556
HPSE2	0.8660501
MUC16	0.8660494
GLRA3	0.86600333
ZFHX3	0.86600304
ASXL3	0.86599624
SLC2A13	0.8659547
BUB1B	0.8659115
MUC16	0.8658616
SI	0.86584246
MYH11	0.8658273
RANBP6	0.86581516
NTRK3	0.86581326
KCNB1	0.86580926
GJA8	0.86579
PLEC	0.8657545
MOB3B	0.8657221
CTNNA2	0.86571974
GALNT17	0.8656796
POU3F4	0.86567634
ACKR3	0.86566615
OPRL1	0.86564475
GRIN2A	0.8656437
PDCD1LG2	0.8656202
BRIP1	0.86561906
ARID4A	0.8656014
FBXL7	0.8655958
NIN	0.86559284
RECQL4	0.86556697
UHMK1	0.8655461
HRH4	0.8655452
CCDC89	0.86551315
CSMD3	0.8654949
XCR1	0.8654218
RUBCN	0.86541176
COL3A1	0.86540437
FAT1	0.8653629
FAM71B	0.8653505
CHUK	0.8653503
REV1	0.86531436
ADGRL4	0.8652886
KDM5B	0.865278
VASH1	0.8652741
CXORF21	0.86520255
TFPT	0.8651975
MED13L	0.8651966
COL5A2	0.86516327
SETBP1	0.8651304
FAM135B	0.8651084
CTTNBP2	0.86509085
KLHL9	0.8650873
PITX3	0.8650531
GALNT2	0.8650516
SLC9A9	0.86501455
RTL3	0.8649864
RANBP3	0.8649743
DICER1	0.8649531
LRP1B	0.86493415
AKAP11	0.8649307
FLNA	0.86492157
MYOM2	0.8649119
ZPLD1	0.86485225
LRRTM3	0.86484563
AQR	0.86482894
DCC	0.8648147
EPHA7	0.86479837
AHSA1	0.8647893
OGT	0.8647624
GOLGA3	0.8647481
HGF	0.8647409
DNAJC6	0.8647256
TBX15	0.86472416
RAC2	0.864724
ELMO1	0.8646958
DNAJC6	0.86469126
DPP10	0.8646592
NALCN	0.86465305
MDC1	0.8646502
ZIC4	0.8646352
NLRX1	0.8646076
RBM10	0.86459637
LRRTM4	0.86455154
SS18	0.86452013
MRPL44	0.86451983
PCNX1	0.8645061
SNX19	0.8644581
WRN	0.8644267
SENP2	0.86439794
C2ORF16	0.86436564
OPRL1	0.8643436
KLHL3	0.86433935
SI	0.86431676
CHRNA4	0.8643016
MSN	0.8642451
HEATR6	0.8642366
CTNNA2	0.8642164
NCSTN	0.8641993
CD180	0.8641991
KLHL7	0.8641953
CLTCL1	0.8641705
NFATC2	0.86414146
KRTAP12-2	0.8641156
DPAGT1	0.86407423
TECTA	0.86406994
PLCG1	0.86406684
FAM47C	0.8640442
DHX29	0.864019
MUC16	0.8640178
ZNF263	0.86397004
ZFHX3	0.86394197
NCOA2	0.8639227
DCLK1	0.86390626
ADCY2	0.86389667
L3MBTL4	0.86387396
CLSTN2	0.8638506
NTRK1	0.86385036
LRP1B	0.8638128
CNTNAP2	0.86379075
TTLL7	0.86377025
TLR4	0.8637697
ITK	0.86375177
KLHL14	0.86373717
CSDE1	0.8637351
TBX4	0.8637121
SLITRK1	0.863692
HGF	0.8636625
TCL1B	0.8636192
EEPD1	0.8635972
RFWD3	0.8635851
BCOR	0.8635226
ADAL	0.86351085
CRX	0.8634955
ADAMTS12	0.863492
CILK1	0.86348027
CSMD3	0.8634722
CDK12	0.86346
TSHZ3	0.86345154
MUC16	0.8634485
KMT2C	0.8634381
ANK1	0.8634377
SLC12A1	0.8634356
HECW2	0.8634267
RYR3	0.86341983
TGFBRAP1	0.8634163
RNFT2	0.86339265
MTERF1	0.86336523
ACVR2A	0.8633635
LAD1	0.86333007
ACBD5	0.86325693
ODF2	0.86325246
LATS2	0.86324435
BTN3A1	0.86324376
XIRP2	0.86322993
OR2G6	0.8632268
CTCFL	0.8632184
DAGLA	0.8632166
CHN1	0.8631739
HTR5A	0.8631525
ZEB1	0.86314785
GRIN2A	0.86314756
DDX42	0.8631264
HMCN1	0.86310655
RAB38	0.8630702
ZIC4	0.8630672
F13B	0.86305857
CDH12	0.86302316
SCN2A	0.8630218
CDC5L	0.8630018
FAM47C	0.8629631
ANO2	0.86296
EPHA3	0.8628614
ARHGEF10L	0.8628442
WNT10B	0.86284304
TTN	0.86281174
ETV5	0.8628116
ADCY8	0.8627937
EPB41L3	0.86278516
PAPOLG	0.862781
LRGUK	0.8627577
RCC1L	0.8627429
REV1	0.86274254
PPAN-P2RY11	0.86273056
NOD1	0.86271775
MYOF	0.8626909
IMPG2	0.86267847
FCAR	0.8626702
AASS	0.86262393
OPRL1	0.8626024
NTRK3	0.8625491
ZEB1	0.862537
CNTNAP2	0.8625274
STXBP5	0.86251974
DNAH8	0.86251277
ASPM	0.86248744
EGFLAM	0.86248
DSCAM	0.86238647
CNTNAP2	0.86233044
PCDH1	0.8623239
ANK1	0.8623226
FAT4	0.8623092
OR14I1	0.862308
TRPM1	0.86228544
STAT5B	0.86228466
HGF	0.8622128
SELE	0.8622026
NIN	0.8621805
MED13L	0.8621787
SMC5	0.8621733
LARP4B	0.862172
KMT2C	0.8621601
MRGPRX3	0.86210597
PRKN	0.8620961
FAT3	0.8620865
CD93	0.86204934
POLE	0.8620435
BTG2	0.8620375
KMT2A	0.862028
MTMR12	0.86197156
PKD1L1	0.861948
LDB3	0.8619479
CEP70	0.86194557
MUC16	0.8619241
TRIP11	0.86189985
RBMS3	0.8617993
FLT3	0.8617938
C11ORF42	0.8617843
ZNF148	0.8617685
COL2A1	0.8617652
COL9A1	0.8617642
ADCY1	0.8617482
PLEC	0.8617458
BIRC6	0.8617433
ATR	0.86171323
ACKR1	0.8616843
NFATC4	0.86168164
KCNQ2	0.86166096
NOS1	0.86165017
MALSU1	0.86164844
TFPT	0.8616432
MYH7	0.8616413
CA14	0.8616054
SF1	0.861604
EPHA3	0.86159056
NTNG1	0.8615813
SLC51B	0.86155176
SMC1A	0.8615442
KCND3	0.8615346
SATB1	0.86153233
BCL9L	0.8615031
VPS53	0.86148864
CTNND2	0.86146784
HCN1	0.8614305
KMT2D	0.861416
KRTAP9-3	0.86139315
DCTN1	0.8613882
HNF4A	0.8613733
OR2M3	0.8613685
PIGS	0.8613303
CHRNA2	0.8613247
KMT2D	0.86131704
INSL4	0.8613086
PRPF40B	0.861264
USH1C	0.86124814
FSD2	0.86124605
TRHDE	0.8612441
C2CD3	0.86123943
BIRC6	0.861228
HMCN1	0.8612154
FAM184A	0.86121404
EPHA5	0.86119884
OR51A7	0.8611421
BCLAF1	0.8611323
WWTR1	0.86113113
NSD1	0.8611137
ARMH4	0.86109006
EEF1AKMT2	0.86106116
EBF1	0.861043
CHD7	0.8610228
MUC16	0.86100096
USP44	0.8609927
PPARG	0.8609899
FAM47A	0.8609838
GPC5	0.86098087
SLC2A9	0.86096585
ATP10D	0.86096096
SDHAF2	0.8609582
PURG	0.8608811
CUL2	0.8608649
TUBB2B	0.8608631
NR2F1	0.860834
TSHR	0.86079127
DNAJC6	0.8607749
CEP89	0.86070204
SORCS1	0.8607003
NLRP4	0.8606917
RIMS2	0.86065996
BTBD7	0.86064965
GOPC	0.8606378
KLHL10	0.86062807
LRP1B	0.86059123
UACA	0.8605783
CTDSP2	0.8605702
KIAA1614	0.8605652
RUNX1	0.86056113
ECHDC3	0.86049837
ROS1	0.86049646
PALB2	0.8604859
C9ORF43	0.8604853
BAALC	0.8604132
LUM	0.8604131
LYN	0.8603965
NSD3	0.8603741
ADAMTSL3	0.8603136
RITA1	0.86030596
LRP1B	0.8602946
LIFR	0.8602279
ATF7IP	0.86022145
LIMA1	0.86019987
XYLT1	0.8601886
ARHGEF17	0.8601821
ZNF395	0.8601615
MB21D2	0.86015564
SNX4	0.86011434
SACS	0.86009973
ZNF827	0.8600631
FAT4	0.8600503
RGS7	0.86004925
GPC6	0.86003816
BMP7	0.86003387
TMTC2	0.86003375
CCDC93	0.86001253
SDHAF2	0.85998684
RTL4	0.8599499
FTSJ3	0.8599294
GLDC	0.8599278
TRIM69	0.8598964
PAPSS2	0.8598938
HGF	0.85988665
C1QTNF2	0.8598558
ZFP1	0.85984653
KL	0.8598359
NR1I3	0.85982376
FAM53C	0.8598198
DCANP1	0.85977453
ACTL6A	0.8597705
MYH11	0.8597299
SENP2	0.85972756
TET1	0.85969657
LAMB1	0.85969424
COL11A1	0.859684
SSU72	0.85967493
PPP1R17	0.85967416
WNT4	0.8596488
PTPRD	0.8596407
BATF2	0.8596395
FLT3	0.8596293
TRPS1	0.8596017
SLC6A17	0.8595702
FAT1	0.8595619
TET1	0.8595608
MUC16	0.8595525
HGF	0.8595482
PLXNA3	0.85954577
KLHL21	0.8595399
DGKB	0.85953313
ZFHX3	0.8594978
SLC9C2	0.8594898
ADAMTS16	0.8594394
SDHAF2	0.8594132
EPHB1	0.85941166
HGF	0.8594067
DPYD	0.8593659
TNXB	0.8593539
FANCF	0.85933626
CLDN8	0.8593009
INHBA	0.8592967
MUC16	0.85924697
ZC3H13	0.8591974
PITPNM3	0.8591919
TSHR	0.8591728
ACAT1	0.8591699
CSMD3	0.8591695
DNER	0.859161
CAPSL	0.8590843
UBR4	0.859083
MUC16	0.8590777
LRP1B	0.8590703
ZNF479	0.85906684
ERBB4	0.85906
CDH3	0.8590585
UGT1A1	0.859057
TRIM27	0.8590506
ADCY9	0.85904944
TMPRSS15	0.859046
PRKAB1	0.85900664
POLR2A	0.8589922
LRGUK	0.8589887
PKP2	0.8589852
INSRR	0.8589749
TLK2	0.85894275
PALB2	0.8589368
CPA5	0.85893667
FAT3	0.8589267
ABCC11	0.85892093
NOS1	0.8589156
KALRN	0.85890746
NDST3	0.8588761
CFAP47	0.8588582
IGSF3	0.8588054
BCORL1	0.85879236
ITGAL	0.8587871
ZEB1	0.8587537
PCLO	0.8587513
SCN2A	0.8587442
MYH7	0.8587264
BCOR	0.8587159
PAX7	0.8586925
LAMP5	0.8586875
ANGPT4	0.8586816
PLEC	0.858662
MTMR6	0.85864305
SLC4A5	0.85862184
FRMPD3	0.8586143
CCP110	0.8586079
SEZ6L2	0.8585679
PDCD1LG2	0.85853773
UBTF	0.85852957
DCAF12L2	0.8585254
PCLAF	0.85850483
XPO1	0.85848486
BCL9	0.8584815
ZPLD1	0.858353
N4BP1	0.8583257
CNTNAP2	0.8582705
GCN1	0.8582645
NTRK3	0.8582604
ROS1	0.8581977
COCH	0.85817105
TIGD7	0.85815
PTPRD	0.85814714
NRXN1	0.85814506
HDAC9	0.8581381
GRM7	0.8581331
TMPRSS15	0.85811466
USP42	0.85810614
FBXL20	0.8580903
DDR2	0.8580573
EPHA3	0.85805666
CDC73	0.85804677
WWTR1	0.8580233
CNTNAP4	0.8580203
ZNF592	0.8580194
TBC1D8	0.85800093
CDH12	0.85797215
TRPC6	0.85796607
FAT3	0.8579484
BRCA2	0.85792893
TGFBRAP1	0.85792655
TYRP1	0.8579184
NEB	0.85791725
ADAMTS3	0.8578988
GBP6	0.8578375
CSMD3	0.8578352
ATR	0.85781825
GBE1	0.85781777
JAK1	0.85780007
CADPS2	0.8577848
PCLO	0.85778475
MEIS2	0.8577834
ATP2B3	0.85778105
CSMD3	0.8577764
DMD	0.8577211
TCTN3	0.85769045
ZMYM6	0.8576832
TANC2	0.85767555
HAUS7	0.85767174
MYH7	0.8576598
CLCN4	0.8576575
UBE2Z	0.85765386
TRPM7	0.85760367
OPRL1	0.8575992
MYH4	0.8575864
RAD21	0.85758466
MYH9	0.85756433
CMTM5	0.8575448
ARHGEF6	0.8575174
NBEAL2	0.8574939
ADCY2	0.8574921
CEACAM21	0.85738575
MECOM	0.8573772
MYOD1	0.85736394
CDH9	0.8573504
PEX5L	0.857349
GPRC5B	0.8573452
FAT3	0.8573228
MYO5A	0.85727286
CLIP1	0.8572726
PIK3C2G	0.8572679
INMT	0.8572537
TIMELESS	0.8572372
COL4A2	0.85722494
FOXRED2	0.85721576
HPGD	0.8572023
ABL2	0.8571703
CNTNAP2	0.85715926
RAP1B	0.8571556
PALB2	0.8571484
SENP2	0.8571454
CAMTA1	0.85713816
ADCY8	0.85713756
FRMPD3	0.857115
RBM10	0.85710925
MYH10	0.85708857
BRIP1	0.8570872
USP31	0.85708034
MB21D2	0.85707223
EEF1B2	0.8570577
CNTNAP2	0.85703313
MEMO1	0.8570065
MROH9	0.8569734
C8A	0.8569453
TMEM117	0.85692346
PCLO	0.8568879
IRF4	0.8568835
PAQR9	0.8568638
ZHX1	0.8568522
NOTCH2	0.8568423
DCX	0.85681367
ABCC9	0.8568076
BRIP1	0.85680383
ELAVL2	0.8567762
FAT1	0.85676813
EXT2	0.8567616
RAF1	0.85675144
ZNF521	0.85674417
PLD5	0.8567096
PTPRD	0.8566925
SPEG	0.8566821
GABRG2	0.85667723
BRIP1	0.8566527
DNAJC7	0.85663867
PTPRD	0.8566288
ZMYND11	0.8566191
IP6K1	0.8566181
DPM1	0.8566163
IL21R	0.85661364
STIL	0.8565774
TBC1D32	0.85654646
TRIM43	0.85653776
CDK12	0.85653675
ETAA1	0.8565269
PTPRT	0.8565204
MSH2	0.8564944
MTOR	0.8564382
CRNKL1	0.8564376
MMEL1	0.8564323
CPT1A	0.856406
FASTKD5	0.85637534
FOXN4	0.8563641
FAT4	0.85635704
CTNNA1	0.8563396
ABCA12	0.8562939
COL11A1	0.85627776
GRIN2B	0.85627615
FAT3	0.8562631
DARS2	0.85626006
GRID2	0.85622704
SLC24A3	0.8562201
CSMD3	0.856203
FAM47C	0.85618407
GRM1	0.85616815
HTRA1	0.85614693
NOS1	0.85611784
PCDHA9	0.8561115
PSG8	0.8561067
FAT3	0.8560935
LAMB1	0.8560934
AEBP1	0.8560788
TENM2	0.8560755
POLR2B	0.85607505
SESN2	0.8560278
TOR1A	0.85601735
SALL4	0.85600346
TRIM46	0.8559788
ROBO2	0.8559469
GBX1	0.855929
SLITRK1	0.8559263
NTRK1	0.85589314
UNC5D	0.8558894
FRMD4A	0.855859
GSK3B	0.8558214
ZNF221	0.85578173
ZNF677	0.8557734
TSHR	0.8557462
RAP2A	0.8557371
CDH10	0.85573447
APC	0.85568386
PRDM16	0.85567445
SEMA3A	0.8556504
OR2G6	0.8556453
NUP98	0.85563064
TRPM3	0.8555788
DCAF12L2	0.85556906
P2RX1	0.85552007
SPATA31D1	0.85551596
MYOZ2	0.8554998
ATP7B	0.85549426
R3HDM2	0.8554838
REEP3	0.8554686
CTNND2	0.8554563
UGT2B28	0.85545003
KMT2C	0.85536486
FAT4	0.8553319
AGA	0.8553122
GLRA2	0.8552909
ALDH8A1	0.8552703
SHROOM2	0.8552439
ITGA10	0.85521936
RUNX1T1	0.85519636
CTNNB1	0.8551892
H2BC4	0.85517263
PDCD1LG2	0.8551653
MACC1	0.8551217
EPHA7	0.8551021
TAF5L	0.855097
MAP3K12	0.8550865
USF1	0.8550812
HMCN1	0.8550611
GNL1	0.85505307
NKX2-1	0.8550498
MB21D2	0.8550443
ADCY2	0.85504055
EPHA3	0.85500425
SALL1	0.8549665
CTDSP1	0.8549508
FAM20B	0.8549453
BAX	0.85490733
SLC5A1	0.85487354
CTNNA2	0.8548617
PAX2	0.8548598
EPHA3	0.8548526
BICRAL	0.85483813
PKHD1	0.8548097
PRPF40B	0.85472804
RAX	0.8547111
COL8A2	0.85462195
FLI1	0.85462
ACTN2	0.85457593
TBX5	0.8545717
ZEB1	0.85455424
STOML3	0.85451335
AC100868.1	0.8545034
ASXL2	0.85449964
EIF3E	0.85447174
DPPA4	0.85446006
SEMA5A	0.85443866
CORO2A	0.85443366
NLRP9	0.8543491
FGD1	0.8543467
MYO5B	0.85434526
GRIA4	0.85433656
KTN1	0.85433125
WRN	0.854321
NR1H4	0.8542979
ARID4B	0.8542955
WDR35	0.85428673
TTC21A	0.854282
KDR	0.85424745
ATP8A2	0.85421383
NRG1	0.85420066
DNMBP	0.85419875
SF3B1	0.8541917
CARD11	0.8541895
KMT2C	0.8541461
NGF	0.85413826
MUC16	0.8541328
TPR	0.85411817
ADAM33	0.85411584
PTPRD	0.8541084
PCDHAC1	0.8540875
TRPS1	0.8540632
BOD1L1	0.8540582
CDH17	0.8540462
SPG11	0.85404396
NRXN1	0.85404205
RNF157	0.8540114
PTPRD	0.8540061
LCT	0.85400164
ACTB	0.8539488
RICTOR	0.85392874
TSHR	0.8539041
CYP1A1	0.85389733
CTNNA2	0.8538366
EHD3	0.8538072
ACACB	0.85377866
ZEB1	0.85377824
MUC16	0.8537731
FRAS1	0.8537659
SOAT1	0.85370946
KRTAP27-1	0.8536942
PTPRK	0.8536527
MUC16	0.8536291
SH2D3C	0.8536274
ZNF521	0.85361695
PCLO	0.85361534
PPM1D	0.8536109
CSMD1	0.8536108
SLC36A1	0.85360956
SLC36A1	0.8536042
NEXMIF	0.8535837
BIRC6	0.8535627
DLL3	0.85355693
NOTCH2	0.853553
FBN1	0.8535467
SPRR1A	0.8535463
EPHA7	0.8535269
NCKAP5	0.85351986
UNC45B	0.853498
NALCN	0.8534802
FAM47A	0.85347694
MYH1	0.85347337
GRIN2A	0.85344887
ZNF213	0.853441
FAM3C	0.8534091
SV2C	0.85340285
FAM47C	0.8533926
ALK	0.8533709
CSMD3	0.8533543
CSMD3	0.8533323
KIF18B	0.8533195
DEK	0.85331434
SELP	0.8533031
PRKD1	0.8533027
CNTNAP2	0.8532913
STAM2	0.85328585
TXNDC9	0.85326695
HCN1	0.85325426
CDC6	0.8532505
SLIT1	0.8532499
ADAMTS20	0.8532268
MTR	0.8532028
DNAH9	0.8531973
CTNNA2	0.8531617
CTNND2	0.85314065
SPHKAP	0.8531109
RGS22	0.8531035
ANGPTL8	0.85310066
KCNQ2	0.85308766
MUC16	0.8530835
NEMP1	0.85308033
HAPLN1	0.85292923
CARD11	0.8529154
BCL9L	0.8528998
GABRA1	0.8528858
NKAIN2	0.8528654
JAKMIP2	0.85283065
CCN4	0.8528272
PLCG1	0.8528135
PCDHB15	0.8528125
STARD13	0.8527931
ADAMTS6	0.85277843
EPB41L3	0.8527316
MUC16	0.8527083
RUNX1T1	0.85270137
PRKCI	0.8526987
ERC1	0.85269094
NCKAP5	0.85267043
MACO1	0.85266733
OSBPL3	0.8526499
PIP4P2	0.8526367
RYR1	0.8526349
HCRTR2	0.8526309
SMAD4	0.8525976
CSMD3	0.8525666
KMT2C	0.8525359
COL14A1	0.85253066
PRICKLE1	0.85251224
EPHA2	0.8525063
BCL6	0.85250574
FBN2	0.8524809
TENM2	0.8524794
PPM1A	0.85246557
PTPRB	0.85246456
ALDH1B1	0.8524475
MAGEC1	0.8524207
USP13	0.8524064
RGS16	0.8523996
DOCK4	0.8523954
SETBP1	0.8523627
SPTA1	0.8523605
ZBTB16	0.85233164
PRKD1	0.8522969
TSHZ3	0.8522822
PCDH17	0.85227257
DYNC2H1	0.8522631
PCDH15	0.85219324
MCF2	0.852185
COLGALT2	0.85216904
ARPP21	0.8521477
SGCD	0.852143
GRIN2A	0.8521303
ZNF521	0.85212904
PTPRT	0.8521075
CTNNB1	0.85209084
CSMD3	0.8520299
CSMD3	0.85202706
CMTR2	0.8520268
ANK1	0.8520062
NARS2	0.8520025
UBR5	0.85196465
IGSF3	0.8519357
PPP2R3A	0.8519197
JAK2	0.8519183
ME2	0.85188764
LRRC40	0.85186434
DROSHA	0.8518567
HIPK1	0.85185194
COPB2	0.8518139
RPS29	0.85180956
HTRA4	0.85180616
WT1	0.8516761
BLM	0.85166675
SOCS6	0.8516642
CTNNA1	0.85165286
FSTL4	0.8516369
LTN1	0.8516125
ESR1	0.85160065
COL11A1	0.85155773
PPM1D	0.8515511
PLEC	0.851526
CSNK1G3	0.85150886
EXT2	0.8514966
CSMD3	0.85147995
HOXD11	0.85146886
KCNH5	0.8514106
RIF1	0.8513999
RASL10B	0.85133684
RDX	0.8513218
MAMLD1	0.8512955
CSMD1	0.8512934
RUBCN	0.85129184
FAM47C	0.85127497
CCDC150	0.8512674
IL7R	0.8512601
PDE3B	0.85125905
GPD1L	0.8512569
XPO4	0.85121274
XIRP2	0.85120034
CAPN10	0.8511784
PCDHGA10	0.8511059
KRTAP19-1	0.8510842
OPRL1	0.85107094
NTRK3	0.85106826
LRTM1	0.8510665
TCL1A	0.8510572
SP5	0.85105187
OBI1	0.8510438
ADGRG4	0.8510107
AQP1	0.85100615
SOX3	0.8509481
NGEF	0.850917
RIF1	0.85089433
GNAS	0.85087824
NFKBIE	0.8508773
PIK3C2B	0.8508064
CDK20	0.85079813
CTNND2	0.8507965
TRPM7	0.85078484
ROBO2	0.85074925
SMARCA2	0.8507159
NAV3	0.85070854
NTRK3	0.85068786
TMCC3	0.8506763
FAT4	0.85067147
CCDC12	0.8505884
ACAP2	0.8505801
FAM131B	0.8505538
DDX23	0.85054547
SLC6A15	0.85054314
CXCR2	0.85053086
TET1	0.8504522
EPHA3	0.85045093
NYNRIN	0.8503764
ADAMTSL4	0.8503567
MAX	0.85035056
ARID2	0.85033965
NOL4	0.85032666
IL36RN	0.8502971
FAT3	0.8502757
ZNF883	0.85026604
CNTNAP2	0.8502516
SIPA1L2	0.8502166
COL4A4	0.85021544
FBLN2	0.850194
PCDHB3	0.8501869
IFT172	0.85015386
COL2A1	0.8501516
EDIL3	0.8501383
SMC3	0.85013187
FSTL5	0.8501219
DROSHA	0.8501027
ISLR2	0.8500976
ZNF415	0.8500799
GFRAL	0.85005885
NPAS2	0.8500519
CTDSPL2	0.85004354
CDH11	0.850032
HSPG2	0.8500272
ARNT	0.8500269
ABCG5	0.85001045
UTP14A	0.84998214
RAPGEF2	0.8499767
MYH11	0.84993005
MAP4K3	0.8499172
MUC16	0.8498825
TNR	0.8498601
NWD1	0.8498545
GABRA6	0.849849
COL5A2	0.8498463
EIF2D	0.84979564
PBRM1	0.8497816
HGF	0.8497342
FLCN	0.84972906
EXT2	0.84971803
PGLYRP2	0.8497063
CELSR3	0.8497032
SPTAN1	0.8496913
SVEP1	0.84968567
DENND5B	0.8496759
PTPRR	0.8496722
GABRQ	0.84965146
CNTNAP5	0.84965104
HEATR5B	0.84964955
ASPM	0.84964764
FEM1A	0.84962124
LRP1B	0.849588
LPCAT2	0.84955513
GPX6	0.84955424
NRCAM	0.8495476
PPM1D	0.8495319
SLC8B1	0.84948117
TTN	0.8494724
ATRX	0.8494718
GPRC5D	0.8493733
EEF2	0.84936
VPS13B	0.84932625
OR2G6	0.84930575
DCLK3	0.8492927
ATAD2	0.8492496
CSMD3	0.84922844
DNAH17	0.849174
AMER1	0.84912753
MYOM2	0.8491254
RASGRP3	0.8490921
FLG	0.84908855
POLR2A	0.84906936
DICER1	0.8490675
PSMA7	0.84902763
MTMR3	0.8490106
SIDT2	0.84900653
FAM47C	0.8489264
KCNH1	0.84891874
SDHAF2	0.8488963
CSMD3	0.8488854
ESRRG	0.84887147
EPHA3	0.8488678
CSMD3	0.8488654
NUP133	0.84885025
TET1	0.8488389
LRRC4C	0.8488349
CXCR2	0.8488227
ERG	0.84878546
TMEM132B	0.84875715
CACNB2	0.8487292
PSMA1	0.8486802
COLGALT2	0.84867185
SPATA31A1	0.8486453
LMAN1	0.84861326
CORO1C	0.8486048
CYSLTR2	0.8485897
SCN1A	0.8485694
SCMH1	0.8485639
NTRK2	0.84855634
FAM135B	0.84855294
KLB	0.84854996
FAT1	0.84853786
TAS2R31	0.8484867
FAT4	0.84847784
WRN	0.848477
TEP1	0.84845936
MYO1C	0.8484529
FAT3	0.8484499
MTHFD1L	0.84843326
JAM3	0.848428
LRP1B	0.84839714
PRKCB	0.84834313
CSMD3	0.84833026
SCN9A	0.8483203
USP29	0.8483095
SLC28A3	0.8482909
TRIM71	0.84828883
LATS2	0.8482853
DNAH7	0.84828
BCL3	0.84827715
NALCN	0.84826815
STX12	0.8482612
LRRC32	0.84825605
OR3A2	0.84824336
RBM10	0.8482425
EDARADD	0.84820795
FAT1	0.848158
ALK	0.84813046
HS3ST5	0.84812915
TEAD3	0.8480999
CHMP6	0.8480915
KLHL41	0.84808546
GLMP	0.84808207
TBX18	0.8480792
OOEP	0.8480621
MYH7	0.84805435
ZNF420	0.8480171
DICER1	0.8480005
ADAMTSL1	0.84799707
TPH2	0.84799397
PSD3	0.8479757
FBXW7	0.84795815
TMEM30A	0.8479416
CNTNAP2	0.8479414
EPHA3	0.8479154
BRCA2	0.84790796
FAT4	0.8478998
ETV3	0.84789383
MBL2	0.847867
SLC7A4	0.84785056
MYH3	0.8478424
BAZ1A	0.8477871
AKAP9	0.8477842
SLC9A4	0.8477779
GABRA6	0.84774727
ADCY8	0.84774613
CSMD3	0.84773135
PPM1D	0.8477268
TMEM185A	0.84771717
COL11A1	0.84771365
TRRAP	0.8476721
SDK2	0.8476493
PLEKHG2	0.84764785
LEF1	0.84762245
MUC16	0.8475975
PKP2	0.8475668
GUCY1A2	0.8475635
LIPK	0.84755945
FANCD2	0.8475576
DST	0.8475435
CDH2	0.84753954
CTNNA2	0.84748185
DBF4	0.84747916
OMD	0.84747136
CSMD3	0.8474493
SETD2	0.8474443
KLHL10	0.84743416
PTPRD	0.84743047
BRIP1	0.8474298
USP7	0.84742606
FAM135B	0.8474021
CSMD3	0.84737325
CTNND2	0.84735626
ITGA5	0.84734136
NTRK3	0.84733343
LRP1B	0.8473264
MAGEA8	0.8473254
KALRN	0.8473223
TET1	0.84730285
PKHD1L1	0.847295
HIPK1	0.8472747
OPRL1	0.8472721
SRGAP3	0.84726536
SEMA3A	0.8472452
PPP3CA	0.84724283
CSMD3	0.84723747
ROBO2	0.8472318
DNAJC3	0.84721124
EPHA6	0.84719664
NTRK3	0.8471966
CLDN4	0.84719497
ATN1	0.84718436
PRPF19	0.84712875
LAMP5	0.8471078
NIBAN2	0.8470924
EEF1A2	0.8470888
PDGFRA	0.8470004
ERCC3	0.84699726
KMT2C	0.8469686
PLCXD2	0.84695077
ST3GAL2	0.8469368
HEMGN	0.84691805
PGM2	0.84690994
DCAF12L2	0.8469088
STAT1	0.84689045
FH	0.8468874
C8B	0.846881
NFATC2	0.8468783
DNAH3	0.8468329
TLL1	0.84681165
AKT2	0.8467828
LGALS4	0.84670585
ARID4B	0.8466671
MGLL	0.84663576
MAP3K5	0.8466178
LELP1	0.84661
CSMD3	0.84657395
WDR17	0.84656096
PTPRD	0.84655744
CR1L	0.8465349
LZTR1	0.84652454
WNT10B	0.84650826
NME7	0.8464985
ZNF691	0.8464983
TRPV6	0.8464843
CYLC2	0.84645605
DYNC2LI1	0.8464507
MYH1	0.846434
GABRA6	0.8464303
SIPA1L2	0.84641725
ZNF423	0.84641594
KRT82	0.84639764
ENPP2	0.84637105
SPEN	0.84634775
FAT1	0.84634125
CNTNAP2	0.846338
FAT4	0.8463354
MUC16	0.8463001
CDH10	0.8462633
MMP13	0.846233
C2ORF16	0.8462225
LRP2	0.8461986
EPHX4	0.84619355
VWCE	0.84618807
GRIN2A	0.846178
CSMD3	0.84612894
PNPLA5	0.8461108
CNOT3	0.84610605
RBM10	0.84607625
ID2	0.84607005
C1ORF141	0.8459727
XRCC2	0.84595
CLTCL1	0.8459094
FAT4	0.8458949
BMP7	0.84586334
BRCA2	0.8458016
MRGPRX3	0.8457889
CTNNA1	0.8457827
LHFPL6	0.8457662
SKAP2	0.8457614
UNC13A	0.845708
XKR9	0.845676
CPS1	0.8456508
CRB1	0.8456453
ASPM	0.84563524
DSP	0.84560585
FAT4	0.8455905
ABCC9	0.8455877
PTPRN2	0.84551525
DCAF12L2	0.8455116
EIF3K	0.845497
ANKRD44	0.8454884
UNC5A	0.84545356
KMT2C	0.8454461
CNTNAP2	0.8454423
SEMA6C	0.84544194
TEC	0.8454418
MTHFSD	0.8454311
GPCPD1	0.84539753
TET1	0.84537244
ERC1	0.8453667
FLNC	0.84534097
FLRT2	0.8453302
SETD2	0.84530056
FRMPD3	0.8452923
CSMD3	0.84529144
CHRM2	0.8452741
CHD8	0.84527373
DNAH3	0.84527177
SMARCE1	0.84526515
ADAMTS20	0.8452604
SRP68	0.8452369
NRP2	0.8452172
CSMD3	0.84521616
LATS1	0.84521496
AMER1	0.8451911
FAT4	0.8451833
ROM1	0.84518284
WDFY3	0.84516925
SLC4A10	0.8451674
SETBP1	0.8451436
SEC24B	0.8451401
MYL2	0.8451387
ATP6V0A4	0.8451073
CNTNAP2	0.84506243
FOXO3	0.8450552
USP53	0.84505033
PSKH2	0.8450196
TIMD4	0.84501296
SMARCD1	0.8449997
CGRRF1	0.844989
BAX	0.8449855
PALB2	0.84494495
AKR1D1	0.84492195
TRIM33	0.84491336
GLOD4	0.8449062
KLHL1	0.844897
FAT3	0.84486765
ANKRD46	0.8448284
ATRN	0.84482515
TAP2	0.8448056
ADGRG1	0.8447956
HGF	0.8447821
LRP1B	0.84477895
GABRA4	0.84476984
CTNNA2	0.8447614
CDADC1	0.8447261
SCAP	0.8446594
MUC16	0.8446566
LRP1B	0.844631
RAP1GDS1	0.8446036
DNAJA3	0.84457123
CKAP4	0.84456295
WASHC5	0.8445455
NCAM1	0.8445419
MUC16	0.8445232
TET1	0.8445032
PTPRD	0.8444817
CNTNAP2	0.8444643
MYO6	0.84446365
NKTR	0.84445345
MLLT3	0.8444417
SORCS1	0.84443796
BRINP2	0.8443799
SORCS1	0.8443458
CSMD1	0.84434104
PKD1L2	0.8443325
PALB2	0.8442695
PCM1	0.8442632
LRP1B	0.8442607
GAS7	0.8442508
FGF12	0.8442336
MAGEC1	0.8442204
LEF1	0.84421116
SPIDR	0.8442103
TIAM1	0.8442042
TMBIM4	0.84419143
APOA1	0.8441759
MYO5A	0.84411436
CDH8	0.84411025
OMD	0.84409475
CDH10	0.84408695
TUT4	0.84405816
PTPRC	0.84402055
NUP155	0.8440184
DEFB118	0.8440126
CEP83	0.84401166
PHF6	0.844011
PALB2	0.8440089
CSMD3	0.8440033
LATS1	0.843992
ATF2	0.8439915
SPHKAP	0.84398973
TSKU	0.8439789
TSLP	0.84396005
HS3ST5	0.84394336
MUC16	0.84392864
HGF	0.8438888
SALL1	0.8438796
SETBP1	0.84385777
CA9	0.8438517
ADGRL2	0.84374774
ZNF521	0.84372306
MYCN	0.8436947
PPM1D	0.84369385
KIF1C	0.8436928
ASPM	0.8436774
DNAJC2	0.84367174
FHL5	0.84366333
CTNND2	0.84363663
HOXD9	0.8436353
RNASE10	0.843621
SLC14A2	0.8436004
ACTG1	0.8435981
PCDHGA12	0.84359443
CACNA2D1	0.84355426
GDNF	0.84354985
MUC16	0.84349495
CSMD3	0.84348065
CDH7	0.8434308
FMN2	0.8434285
GLDC	0.84342206
MAGI3	0.8433499
ACSL6	0.8433492
LAMA1	0.84334844
KIAA1549	0.8433363
CRB2	0.8433294
CARD11	0.843297
DNMT3A	0.84329516
GRIN2A	0.84328437
ST14	0.84326506
PIP	0.8432468
PNPLA8	0.84322876
STX2	0.84321165
ADAMTS9	0.8432041
NOTCH1	0.8431845
TENM2	0.8431765
MUC16	0.8431683
RXRG	0.8431585
PALM2AKAP2	0.8431561
CTCF	0.8431011
ABL1	0.8430967
MGAT4C	0.84309447
MTTP	0.8430313
CXCR4	0.84302163
RAB27A	0.8430184
SMAD4	0.8430174
SETBP1	0.8429839
GFOD1	0.8429691
RBM10	0.84295666
ITGA4	0.8429539
CRIM1	0.8429444
OBSCN	0.8429414
KRT6B	0.84292424
TIGD4	0.84291434
FMO4	0.8429125
CCAR2	0.84291196
TRIM33	0.8428587
PLXNA2	0.8428395
ABCA12	0.8428236
CDH9	0.8428126
MYH11	0.84280527
OR10Z1	0.84279335
OLFML1	0.84279215
MYF6	0.8427874
ITGBL1	0.8427596
PTPN5	0.8427408
HOXA4	0.842708
SETBP1	0.84270626
H3C2	0.8426964
MTIF2	0.84267944
NID2	0.8426772
LILRA1	0.8426758
SS18	0.8426733
GMPS	0.84266835
HCN1	0.8426651
CDH10	0.8426598
CNTNAP2	0.84265244
SUN3	0.84262174
MIXL1	0.8426122
KRT13	0.84257865
MCTP1	0.84257764
GRIK3	0.84255874
ME1	0.8425393
TTN	0.84253573
ANO4	0.8425313
INTS6L	0.84251857
TAF5L	0.84250885
CEP152	0.8425082
POLE	0.84248126
SOS1	0.84246385
GATA1	0.8424597
LTBP2	0.8424562
ANK1	0.84244967
BCOR	0.84241724
ATP2A2	0.84240586
C6ORF15	0.84235764
RUBCN	0.84232247
TTC21B	0.84231675
CDH10	0.8423161
SIDT2	0.84230816
MTREX	0.8422638
TLX3	0.842263
SRGAP3	0.8422321
PCDH18	0.8422148
RCC1L	0.84218466
CHL1	0.842157
GABRB3	0.84213126
SETBP1	0.8421124
OCA2	0.842103
CT83	0.8420954
JAG1	0.8420797
PPM1D	0.8420651
CHD4	0.8420272
COL3A1	0.84202504
UBR5	0.84200925
ALDH18A1	0.84200364
CTNNA3	0.8419954
CAPN6	0.8419938
ARMC6	0.84196913
ZFHX4	0.84195304
SERINC3	0.8419511
NRSN1	0.84194845
GRIN2A	0.8419429
TMEM132B	0.8419382
ASTN2	0.84193563
FAM47C	0.8419208
OR9Q1	0.84191084
WNK2	0.84188664
CYREN	0.84188116
CNTNAP2	0.84183955
ZBTB16	0.84183675
EPHA3	0.84181803
SDK2	0.84181577
LGI2	0.8418155
MARK1	0.8418033
EYA2	0.8417853
ATXN1	0.84178424
PPP2R1A	0.8417724
UBR5	0.8417529
EPB41L4B	0.8417239
LRP1B	0.841713
ATP11C	0.84171057
CSMD1	0.8416919
CHD9	0.8416654
EPHA3	0.84164894
PLSCR5	0.84164834
PPM1D	0.8416376
PLEK2	0.84161663
SEMA5B	0.8416122
CNTNAP2	0.8415859
MLLT6	0.8415636
ADAMTS3	0.8415572
BMS1	0.8415538
ZNF638	0.8414919
GRM8	0.84147966
PILRB	0.8414379
DIDO1	0.84142554
POLR3A	0.8413478
TLX3	0.84134483
SZT2	0.8413347
FUT6	0.8413211
MUC16	0.841321
ZNF341	0.84130144
ARAP2	0.8412566
FBXO21	0.8412461
GJA9	0.841246
ME1	0.8412153
PTPRD	0.8411952
PSME4	0.84115577
TBX5	0.8411243
ADAMTS1	0.84111065
CSMD1	0.8410981
HOXA9	0.8410781
RALGAPB	0.8410487
LRRC19	0.8410486
HTR7	0.84103835
ZNF761	0.84102666
LZTS1	0.84102064
FRMPD3	0.8410138
C5AR2	0.840962
KMT2C	0.84095806
MYH13	0.840954
ELAVL4	0.8409421
HGF	0.84092706
FNBP4	0.8409045
CALD1	0.8408568
GOT1	0.84083164
MACROH2A1	0.8408292
SPIRE1	0.8408109
NCKAP5L	0.8408091
LRP1B	0.84080875
ACVR2A	0.8407811
ADNP2	0.8407676
FH	0.84076
SELPLG	0.84075034
XRCC5	0.84075034
TK1	0.8407331
PCDH15	0.840727
CTNND2	0.8407226
COLGALT2	0.8407099
IDI1	0.84069836
MB21D2	0.8406929
PKHD1L1	0.84066844
FAM47C	0.8406261
AP3M1	0.8406147
GCN1	0.84060085
ANK1	0.84058213
RRP9	0.84057164
ZNF644	0.8405007
NES	0.8404943
MSANTD3	0.8404729
COL4A5	0.84045947
KDR	0.84044904
ROCK1	0.8403829
FAT4	0.84036756
ROBO2	0.84035563
MBTPS1	0.84033597
HGF	0.8403318
SCN9A	0.84026814
PTCD1	0.84024435
ITK	0.8402388
WDR47	0.8401969
TLX3	0.84019244
KCNC2	0.8401835
RSPH10B2	0.84014106
MYH13	0.8401227
CRP	0.8401226
CACNA1E	0.8401122
POT1	0.84006894
PC	0.8400641
PALB2	0.8400632
ALK	0.8400626
VCAN	0.8400306
NGLY1	0.8400274
AFDN	0.84000456
BNC1	0.8399737
ANGPT4	0.839949
EIF4G2	0.83991873
EZH2	0.83990735
CTNNB1	0.83986485
GRIN2B	0.8398617
MCM3AP	0.8398455
TMPRSS15	0.8398085
LRP1B	0.83980453
NCOA1	0.8398017
CUL5	0.8397528
FAM161A	0.83974916
GRIN2A	0.83971053
SLC45A2	0.83969975
NFIB	0.8396861
SPICE1	0.8396624
SNX29	0.83956665
RBM5	0.839518
NRSN1	0.8394995
MUC16	0.8394581
ACOX2	0.8394552
GRM1	0.839447
GRIN2A	0.83944106
TET1	0.83943725
PTPRJ	0.8394342
MYOCD	0.83942413
SLC36A4	0.83941424
AURKB	0.8394087
OR6A2	0.8393635
RHOH	0.8393377
THBD	0.83933413
C1QA	0.83931273
CMTR1	0.83930796
ZNF768	0.83930635
ELK4	0.83929724
AFTPH	0.83927774
LRRC7	0.8392741
RAI1	0.8392679
CNTNAP2	0.8392655
FAT2	0.83926487
BAX	0.8392639
MARCHF5	0.8392564
NKPD1	0.83922434
CHEK2	0.83920646
CRACR2A	0.83920634
EPG5	0.83919525
KAT14	0.8391946
ROBO2	0.8391929
PGM5	0.8391881
ABCB5	0.83917654
DNMT3A	0.83916706
SLC9A4	0.83914167
ZC3H12B	0.83913434
SNTG1	0.83913255
ABCA10	0.83909297
LIMCH1	0.83907694
CAMK4	0.8390547
RGS7	0.8390545
INSRR	0.83901894
SFSWAP	0.83898807
RAD54L2	0.83897376
UBR4	0.8389664
CTNNA1	0.8389638
MEGF6	0.83896214
FLCN	0.83892405
ZFPM2	0.83891755
CDC42BPG	0.83891296
SLC18A3	0.8388895
PRR5L	0.8388357
KCNJ4	0.8388185
TNXB	0.8387636
PLEC	0.8387619
SYT11	0.83875275
CLIP1	0.83873445
FAT4	0.838732
TMPRSS3	0.83870983
PGLS	0.8387048
PLXNA4	0.83869
TRPC4	0.8386588
RBM42	0.83864903
CSMD3	0.83864695
CYLD	0.83861184
NTRK3	0.83860683
ZFHX3	0.8385862
FAT3	0.83858436
DLGAP2	0.8385594
FREM1	0.8385581
PTPRD	0.8385562
SIN3A	0.8385521
IL16	0.83853257
SMARCA2	0.83853066
CWF19L2	0.8385278
ASPM	0.8385038
NCKAP1L	0.8385006
TCEAL6	0.83849764
AKAP6	0.83847654
GRIN1	0.8384682
PNLIPRP3	0.83846533
PPP1R16B	0.83841664
CMTR2	0.8384076
HAPLN4	0.8384032
TRPA1	0.8383957
EPX	0.8383846
AKT2	0.83837694
TSHZ2	0.83837557
FAT1	0.838368
ATF7IP	0.83836687
NCL	0.83833706
FZD7	0.83831537
DMXL1	0.83831143
HOXA5	0.83830494
RECQL4	0.8382995
CNTNAP2	0.83827883
LZTR1	0.8382724
SPANXN4	0.8382452
PTCH1	0.83824074
CHRM3	0.8382339
FLT3	0.838193
SLC25A39	0.8381923
GRIN3A	0.83818483
RHOH	0.8381735
ASXL2	0.83816737
RTTN	0.83815134
PTPRD	0.8381134
MTA2	0.8381101
CFAP44	0.8381034
LY86	0.83808815
GLG1	0.8380878
PPM1D	0.838083
BAZ1A	0.83806807
PRRX1	0.8380382
CACNA1D	0.83803785
LUM	0.8380331
BOC	0.83802474
ATP8B1	0.838021
MINK1	0.8380089
ITLN1	0.83797646
CHD4	0.8379721
KLHL1	0.83796966
CXCR4	0.83792067
BRIP1	0.8379017
MGAT5	0.837898
GABRA6	0.83784
STAB2	0.837833
NNMT	0.8378121
CACNA2D1	0.83778703
FAT4	0.8377552
MUC16	0.83774406
SLC38A2	0.8377392
ZNF700	0.83770746
N4BP2L2	0.8376838
KMT2A	0.8375995
ATP2B3	0.83755064
CELSR2	0.83750784
FAT4	0.83748984
TRIM71	0.8374883
ZEB1	0.8374864
LAMA2	0.8374266
KCNH2	0.8373958
SYNE1	0.8373847
TFG	0.837356
PHACTR3	0.83735555
UPF1	0.8373515
POLE	0.837349
CNOT10	0.8373425
LYSMD2	0.8373416
SYNDIG1	0.8373211
KMT2C	0.8373082
GPHN	0.83729625
FERD3L	0.8372808
C8B	0.83727753
COL2A1	0.837265
C1ORF94	0.8372619
MUC16	0.8372582
SF3A1	0.8372555
RNF43	0.837198
ARID2	0.8371617
LANCL2	0.83713055
CSMD3	0.8370704
DYNC1LI1	0.83705544
NLRP4	0.837052
PHIP	0.83703697
TET1	0.8370168
OR4M1	0.83700556
ALK	0.83697534
PADI4	0.836975
STAG3	0.8369682
APC2	0.8369639
PDE1C	0.8369422
SLIT2	0.8369016
EPHA5	0.8368957
PLEC	0.8368393
KIF21A	0.8368253
RALGDS	0.8368148
ETV3L	0.8368075
ZNF773	0.83679104
SOAT1	0.836782
ZNF479	0.8367807
CDH10	0.8367803
PBLD	0.8367779
RHOH	0.83677304
TLR8	0.8367639
MUC16	0.83675027
CLCN1	0.8367473
C11ORF87	0.83674663
DNMT3B	0.8367106
LRP1B	0.8366734
TRPM2	0.8366704
USP30	0.83666116
ASPM	0.83665645
GRIN2B	0.8366512
OR2M3	0.8366462
ZNF423	0.8366405
SERPINB4	0.8366349
SLC8A3	0.8366275
PROX1	0.8366023
PRKD1	0.83657146
TINAG	0.8365687
ANK1	0.8364678
ZSWIM8	0.83646774
CSRP1	0.8364576
PTPRD	0.83644694
HLF	0.83643746
GRIN2B	0.83641446
C1QL2	0.83639914
WFS1	0.83639884
USP8	0.83637303
DGCR8	0.83635306
PARP4	0.8363209
KYAT3	0.8363201
CSMD3	0.8363131
FBLN7	0.8362787
MUC16	0.8362751
RAP1A	0.83627063
MYH11	0.8362561
MAPK10	0.8362202
RPE65	0.8361486
BRIP1	0.83612937
PRRX1	0.83612126
COL3A1	0.83610785
UBQLN2	0.8361048
NRCAM	0.8360516
BLOC1S2	0.83603036
KRT25	0.83601296
NEDD4	0.8360084
TRIP12	0.8359917
ADCY8	0.83596635
MGA	0.835934
ZNF33B	0.83590615
CCR6	0.83590364
MUC6	0.8358965
MIXL1	0.8358965
ANK1	0.8358926
ELAPOR2	0.8358681
OR5T2	0.83584666
AFF4	0.83584553
OGT	0.83583283
OR5A1	0.83582485
EVPL	0.83579314
PRMT8	0.83577716
LRRTM4	0.8357507
BCOR	0.83574504
ARMC8	0.8357381
EMILIN2	0.8357248
ADCY2	0.83571315
CIC	0.8356771
TAF4	0.835634
OR2AK2	0.83562535
TMEM248	0.8356039
MRPL13	0.8355906
ZBTB21	0.83556277
MED12	0.83554643
FAM131B	0.83554125
FBN2	0.8355334
NTRK3	0.8355084
ABCB7	0.8354626
SLC17A6	0.8354619
KAT6A	0.83540714
HSD3B1	0.8353934
METTL21C	0.83537555
KCTD3	0.83537024
POSTN	0.83536196
AKR1C1	0.83534384
PADI4	0.8353313
DTNA	0.8353237
PTPRD	0.83531815
CALB2	0.8353113
AP2A2	0.83529645
CDK5RAP2	0.8352891
OPN5	0.8352852
SNTG1	0.8352314
SPON2	0.8352239
USP32	0.83518183
CHRM2	0.8351614
KALRN	0.83514535
FAM47C	0.8351336
NUMA1	0.8351336
CHD7	0.8351312
DST	0.8351312
KMT2D	0.8351181
HK3	0.8350926
XYLT1	0.8350887
PCDH18	0.8350206
CLRN1	0.8350049
RALYL	0.8350024
SYNRG	0.8349961
TRRAP	0.8349952
PCDHGA12	0.8349894
OR1C1	0.8349804
ZNF485	0.83497906
FLT4	0.8349599
NUTM2D	0.834952
FLT4	0.8349398
LILRA6	0.8349185
CC2D1A	0.83490634
C12ORF71	0.8348566
OSBPL8	0.83483684
NIN	0.8348016
CTNND2	0.8347862
TJP1	0.8347856
BMT2	0.834777
KDM5C	0.8347769
BMPR2	0.8347651
TET1	0.83474433
APC	0.8347439
SMG8	0.8346894
BCL11A	0.8346432
KMT2C	0.83464307
ANKFY1	0.8346199
RAB9B	0.8346117
CDH2	0.8345855
RGS8	0.8345803
RBM4	0.8345552
SPATA31A3	0.8345353
FERD3L	0.8345088
RAD51AP2	0.8344945
RIPOR2	0.83447385
BMT2	0.83447355
GDAP2	0.83446103
SV2A	0.8344285
PIP4P2	0.8344273
ZNF202	0.83442605
DHX38	0.8344158
PLCE1	0.8344075
TTN	0.8343996
OMD	0.8343884
KCNH5	0.83438635
ZNF521	0.8343535
PPM1G	0.83433
PLPPR5	0.8343168
CUL1	0.8343
HIVEP2	0.8342502
FAM47C	0.8342468
KRT35	0.8342448
TP53I11	0.83423847
CNTNAP5	0.8342221
HDAC7	0.83422065
OMD	0.8341867
LHCGR	0.8341836
SUSD6	0.8341472
GCLC	0.8341458
CSF3R	0.8341347
SLC8A1	0.83413064
PCDH11X	0.8341135
ID3	0.834113
LEFTY2	0.83409774
SEZ6L	0.83409655
SCAF8	0.8340874
BUB1B	0.83407795
DOCK2	0.83407295
TIGIT	0.8340596
ANKRD30A	0.83404607
ZFHX3	0.83402765
SLC45A2	0.8340264
USP48	0.83402616
BEND4	0.834025
ARHGEF12	0.83397406
OR5AR1	0.8339573
FAT3	0.83394986
HOXA11	0.8339468
DSP	0.8339347
PLEC	0.83391464
CHD6	0.8338888
USP3	0.83382976
COL3A1	0.83382213
GALNT14	0.83379227
CNTNAP2	0.83378184
PER1	0.8337794
AIPL1	0.8337623
TENM4	0.83375585
COL11A1	0.83374256
MEX3C	0.8337249
FLNB	0.83369935
CRY2	0.83367586
RTTN	0.8336737
PKD1	0.8336657
TLR4	0.8336599
ITK	0.8336491
KLHL1	0.83364004
NKX2-1	0.83363867
GEMIN8	0.83362854
NKX2-1	0.8335824
PDGFRB	0.83357805
MUC16	0.8335765
ADAMTS3	0.83357644
SOS2	0.8335711
FFAR3	0.8335434
WDFY3	0.8335216
NTRK3	0.8335133
ZFHX3	0.8335095
ZSCAN5A	0.8335029
N6AMT1	0.83349395
PTPN5	0.8334889
CD209	0.8334734
TEC	0.83346725
COL3A1	0.8334633
LIMA1	0.8334627
PRRC1	0.8334427
CTNNA2	0.8334377
KCNH1	0.8334253
PPP1R13B	0.8333874
PTPRR	0.8333779
ORC2	0.8333646
AOX1	0.833351
EBF3	0.8333474
TIMM8B	0.83333606
KIF5C	0.8333248
CACNA1S	0.8333182
CAMTA1	0.8333157
SETBP1	0.83330894
RIN3	0.8333063
OBSCN	0.8332834
DSE	0.83325565
TBX3	0.8332556
SKAP2	0.83323264
GALNTL6	0.83318746
CSMD3	0.8331859
LRRFIP2	0.83318067
CDH9	0.8331717
CSMD3	0.83316964
ADSS2	0.8331691
SOS1	0.83314633
PSTPIP1	0.83312464
PAX8	0.8331207
SKAP2	0.8331006
LRFN2	0.83309644
STRA6	0.83309376
FAM131B	0.83309203
GLI2	0.8330853
STAB1	0.8330029
HGF	0.83299863
H1-8	0.83298844
ACTR8	0.83298075
MAP3K4	0.8329791
PPL	0.8329654
HCRTR2	0.832945
GABBR1	0.8329432
XIRP2	0.8329244
CNBD1	0.8329101
COL5A1	0.8328915
EPRS1	0.8328893
SLC22A16	0.8328768
RYR2	0.8328497
TLX3	0.8328421
RFWD3	0.83283883
FER1L6	0.8328378
RBM10	0.8328361
PRKD1	0.832832
CSMD3	0.83282524
FBXL7	0.8328144
ABCB9	0.8328072
HMOX1	0.832801
MUC16	0.83273757
SPEG	0.8327297
FAM135B	0.8327226
NUDT12	0.8327
ROBO2	0.8326972
COL11A1	0.8326923
EPB41L4B	0.8326801
NUMBL	0.83267003
LRP1B	0.8326372
TFPI	0.83257514
TGFB2	0.83249676
ACTR3B	0.8324806
EPHA3	0.8324695
KIF13A	0.8324667
SACS	0.83241844
OR4Q3	0.83240557
NXPE4	0.8323984
AVPR1A	0.8323895
KMT2C	0.83238006
CNKSR2	0.8323454
CDH10	0.832333
GPR85	0.83231074
KCNA4	0.8322989
ZPLD1	0.8322752
KNL1	0.8322617
KMT2D	0.8322578
CDH10	0.8321846
ZNF214	0.8321825
FAT3	0.83217275
LRP1B	0.83216083
MARCHF11	0.8321601
SMARCA1	0.8321181
ZNF423	0.8320919
UBE2W	0.83208877
ZNF318	0.8320632
SERPINB13	0.8320616
WAC	0.83204836
PPM1L	0.83204716
PLEC	0.83203626
SEC24B	0.83203423
GRM1	0.83201855
EXT2	0.8320151
CCNB3	0.8319835
KRTAP5-11	0.83198076
BRINP1	0.83197147
ZNF521	0.8319665
ALKBH8	0.83196616
MAPK4	0.8319627
ANK1	0.8319392
PTPRT	0.8319254
MTCL1	0.8319202
CPT1A	0.83191943
CASP8	0.8319028
MED20	0.83185667
PRELP	0.8318503
ITK	0.831846
SRGAP1	0.831846
ZHX3	0.83183116
CNTNAP5	0.8318214
SETBP1	0.8318127
CASP8	0.8317926
PTPRZ1	0.83178145
PPP1R3A	0.83175004
CSMD3	0.83174384
FOXA1	0.8317269
KLF7	0.8317243
CHD4	0.8317205
WRN	0.8317103
CHD4	0.83171
ZFHX3	0.83170736
NUMA1	0.8317003
LDB2	0.83168626
ABCB7	0.83167255
TLR4	0.8316671
CSMD3	0.8316519
ABHD17C	0.83162737
CHL1	0.83161
CTNNA3	0.8316035
APOB	0.83157253
DNAH9	0.83155036
UBR4	0.83154285
PTPRD	0.83152026
SEMA3A	0.831509
NPAP1	0.8314868
PKMYT1	0.83148026
DPF1	0.8314769
MUC16	0.83147365
TLK2	0.8314675
DLGAP3	0.83145845
KCNK2	0.83144706
MUC16	0.8314423
RIMS2	0.8314306
TSC2	0.831409
ARAP2	0.83139914
TERT	0.83138883
DGKD	0.8313714
MTOR	0.8313279
CDH10	0.8313229
QSOX2	0.83129245
ANKRD13B	0.83128965
MYH13	0.83124316
CLDN16	0.83123934
PLPPR4	0.8312021
TMTC3	0.83119184
YTHDF3	0.8311816
FANCM	0.8311731
CNTNAP2	0.8311653
DDX11	0.8311409
MYO1E	0.83110577
MTTP	0.83105963
YIPF1	0.83105874
LDLRAD3	0.83105105
IQGAP1	0.83104134
ERBB4	0.83102536
COL2A1	0.83101404
GTF2I	0.8310138
SEMA3F	0.8309921
PCDHB2	0.830989
CHRNA2	0.83096856
EPHA5	0.83096343
ZDHHC14	0.8309481
FAM47C	0.8309425
CDH10	0.8309271
MUC16	0.83089966
VAX1	0.8308809
JAK3	0.8308628
CYC1	0.83085465
GRIN2A	0.8308447
PDGFRB	0.8308229
CTNNB1	0.8308222
EXT2	0.8308101
STAU1	0.8307925
CD248	0.83078945
CSDE1	0.83078885
ARHGEF3	0.83078754
PRDM1	0.8307847
NFATC2	0.8307786
DHCR24	0.830774
ANKRD55	0.83076596
NOP56	0.83076215
CDH9	0.830749
OLFM3	0.8307341
GRM7	0.8307071
HECW1	0.83070695
AP2A1	0.83070683
ATP5F1E	0.8306877
GLMP	0.830665
HERC1	0.83065474
METTL1	0.83064294
MYO7A	0.8306301
ZFR	0.8306168
TRIM25	0.8305887
CSMD1	0.8305756
TRPM7	0.8305742
LTBP1	0.8305687
KCNJ5	0.83055735
ZNF423	0.8305397
TRIM37	0.83053786
ANK1	0.83053553
P2RY10	0.8305127
ZFAND1	0.8305067
KIAA1958	0.83050424
EPCAM	0.83048904
ASH2L	0.8304858
FN1	0.83048093
MLLT10	0.83045745
RFX4	0.83044595
CTNNA2	0.8304407
PTPRD	0.83043444
MYCBP2	0.8304258
ABL2	0.83041567
PTP4A3	0.83038986
CDH9	0.83038145
PCDHA5	0.8303613
LRRTM4	0.8303564
FLI1	0.8303282
SACS	0.83031
NPHS2	0.8302927
HEG1	0.83027124
GRIN2A	0.8302171
PTPRD	0.8302022
NGEF	0.8301662
ANK1	0.8301498
ITGA8	0.8301363
TNC	0.8301226
DLGAP2	0.83009815
SETX	0.8300499
FLII	0.8300316
ANK3	0.83002734
MYO18B	0.8299839
ZFYVE9	0.8299839
COL5A2	0.8299583
TMPRSS7	0.82994443
NDST4	0.8299391
NKX2-1	0.82989854
KIR3DL1	0.8298919
CUL7	0.8298853
PCDH17	0.82987666
CTNND2	0.8298606
STK26	0.82985795
GRIN2A	0.82984614
CTPS1	0.82983047
MN1	0.829823
ATP2B3	0.8297899
SPG11	0.8297821
MGA	0.82977796
MYO3A	0.82972974
PCK1	0.82972693
NTS	0.8297254
SUPT6H	0.82971597
LETM1	0.8297126
ARHGAP35	0.8297126
KCNB2	0.8297094
ITK	0.82970166
LEF1	0.82964313
ZFHX4	0.8296313
GATA1	0.82960814
REV1	0.8295871
PAIP1	0.8295852
CHSY3	0.829583
GAS2	0.8295789
OR6C2	0.829533
FRYL	0.82952243
MUC16	0.8295184
CDC42BPA	0.82951695
OR8H2	0.8295164
PLEC	0.8295146
TTN	0.829514
ABCB1	0.8294871
DVL3	0.82947135
SNRNP200	0.82944787
NRXN1	0.8294438
CREBBP	0.82943976
ROR1	0.8294392
PTPRD	0.82942444
ASTN2	0.82942164
TET1	0.82941425
KNG1	0.8293904
COL11A1	0.8293667
USH2A	0.8293556
NIPBL	0.82934487
HRH4	0.82934123
KIAA1109	0.8293057
PTAFR	0.8292558
CSMD3	0.8292548
ANTXR1	0.8292258
WNT10A	0.829224
CLP1	0.82922155
LUC7L	0.82920086
ZNF367	0.82918596
WRN	0.8291857
COL5A2	0.8291771
ZNF462	0.8291458
DOCK3	0.8291221
BRINP3	0.8291049
CAV3	0.8291017
SSTR5	0.82907856
BCR	0.82907844
SLC8A1	0.8290511
PRKN	0.82898325
EGF	0.8289648
SETD2	0.8289607
TET1	0.8289503
TMEM119	0.82894903
CNTRL	0.8289092
BCL11A	0.8288931
LRIG3	0.82887644
CDC5L	0.8288521
SLITRK3	0.82883584
UGT2B4	0.82882184
TET1	0.8288152
ABL2	0.82881117
ROS1	0.82881004
NCL	0.828806
ADCYAP1R1	0.8287957
TET1	0.82877815
PRRC2A	0.8287597
TTI1	0.8287544
ALS2	0.8287538
CACNA2D1	0.82875115
PLXNA4	0.82873875
LRP1B	0.8287316
PTPRZ1	0.82870317
MUC16	0.8286996
ULK2	0.82868457
PRTG	0.8286773
ACTR1A	0.8286701
BUB1B	0.82866204
NXPH2	0.82865846
LTBP1	0.8286562
SEMA5A	0.8286511
FLI1	0.8286509
ASPM	0.8286177
AMELX	0.8286149
RTF1	0.8286
RANBP17	0.82858264
PTPRT	0.828572
SLC45A3	0.82856774
MPPED2	0.82856417
LMX1A	0.8285595
CSMD3	0.8285422
EPS15	0.82853854
MED7	0.8285295
ATP10B	0.82852066
UMOD	0.8284863
DEFB110	0.82846546
ATRX	0.8284416
IFI44L	0.82841134
HERC1	0.8284085
ALDH1A1	0.82839453
ADAMTSL3	0.82837695
ZEB1	0.82835615
ANKAR	0.82834333
ARHGAP20	0.8283222
ABCB5	0.8282957
TRHR	0.82824534
G6PC2	0.82824135
PXN	0.8282393
ESYT2	0.8282318
ARHGEF15	0.82822025
LMBRD2	0.8281957
TBX19	0.82819474
EHF	0.8281857
PCDH15	0.8281737
OTX2	0.8280916
CTNNA2	0.8280659
GOT2	0.82804394
CASP8	0.82804066
PCLO	0.8280231
ARID2	0.8280217
PNN	0.82801384
OPLAH	0.8280128
GPN1	0.8280111
BTK	0.8280029
EXOC2	0.8279829
OR52L1	0.82796776
POU4F1	0.82796174
PRKACG	0.82796174
MIA2	0.82796174
USP18	0.82796174
ANO2	0.82794636
SLC34A2	0.827929
MYH9	0.82792246
LAMP5	0.8278788
CACNA1D	0.82784295
PLEKHA6	0.8278049
COL1A1	0.82780355
MUC16	0.82780355
OTOF	0.8278019
PDE1B	0.82779354
ZNF292	0.8277774
DGKB	0.82777387
SH3TC2	0.8277526
ATP2C1	0.82773983
HCK	0.8277223
GPRC6A	0.8276968
BUB1B	0.82769245
MAGOH	0.827679
OR51A7	0.8276565
AFF4	0.827656
PCDHB3	0.82763946
FAT4	0.82757807
ZNF337	0.82757497
MUC16	0.8275712
PLEC	0.8275677
SLC26A2	0.8275522
ANKMY2	0.8275516
RGL1	0.82753706
CBX2	0.82753545
KLHL31	0.8275117
TAF1	0.8275005
CYP1A1	0.8274711
PDGFRA	0.8274683
SDHAF2	0.8274648
ZHX1	0.8274543
THSD7B	0.8274399
WLS	0.82743233
CDK17	0.8273908
DSG4	0.8273809
PAPPA2	0.8273792
KAT7	0.82737446
LLGL1	0.8273741
FN1	0.82737327
CIC	0.8273677
NDST2	0.82735443
XPO6	0.82733464
SRSF4	0.8273312
NCOA2	0.8273217
PRKCA	0.82731616
CSMD3	0.82729465
TBX20	0.82729256
SRSF2	0.82728595
ZNF521	0.8272724
CD4	0.82724935
FAT4	0.8272399
LRAT	0.8272308
ACVR2A	0.8272092
GRIN2B	0.8272089
PCDHB2	0.8272044
STON2	0.8271524
FMO4	0.82713735
NBAS	0.82708895
SULF2	0.8270524
SYNE2	0.8270487
RPS16	0.8270166
ABL1	0.82700473
ATP2A2	0.8269997
GALNT7	0.82698137
ZFHX4	0.82690644
SARS1	0.82688785
PTPRK	0.8268678
CA9	0.8268669
MASP1	0.8268644
MMP2	0.8268315
STK38	0.82682675
C3ORF14	0.826814
CYRIB	0.8267989
CC2D2A	0.8267937
ARID1B	0.8267833
PCDHB12	0.8267752
LTN1	0.8267752
ITK	0.8267718
DLG5	0.82676905
TCL1A	0.82671726
XRCC2	0.8267127
WRN	0.8267009
ACTN2	0.82669306
LYAR	0.8266883
AGXT2	0.82667
VPS13C	0.82662296
AIFM1	0.8266207
CHEK2	0.82652795
SLC25A14	0.8265134
SULT1B1	0.82651144
KMT5B	0.82650876
NPAP1	0.8265057
ACTL7B	0.82647747
F5	0.8264723
BCAS1	0.8264463
KNSTRN	0.82643086
PTPRF	0.826403
PSORS1C2	0.8263751
CSTF3	0.8263499
SECISBP2L	0.82632786
PTPRZ1	0.8263233
YTHDC1	0.8262998
ESYT3	0.8262902
CAMSAP2	0.8262606
SF3B1	0.8262564
USH2A	0.8262453
AK5	0.8262303
ACVR2A	0.8262288
COL11A1	0.826227
DKC1	0.82622653
EXT2	0.8262074
ERBB4	0.82616913
ZC3H13	0.8261558
APOBEC3D	0.82612324
TLL1	0.82612205
GRIA3	0.82607794
MED12	0.8260747
PCMTD1	0.82606244
NOTCH1	0.8260255
NUP210	0.8260212
ZNF366	0.82600313
ADAMTS1	0.826
MDM2	0.8259963
STAB2	0.82598513
ABCA12	0.8259512
PLEC	0.8259479
TLN1	0.8259158
DCAF12	0.82589275
PLD5	0.82587856
ZNF48	0.82587624
EEF1A2	0.82586133
EIF2AK4	0.8258602
CTCFL	0.825856
PAPPA2	0.8258512
AP1G1	0.8258007
PPP1R13B	0.82579786
PRDM2	0.825773
ATRX	0.82576835
LIN7A	0.82572806
TMC6	0.8256984
NPBWR1	0.8256984
TRIM2	0.82569695
MCF2	0.82569337
COL4A5	0.8256887
GALR2	0.8256407
RP1L1	0.8256128
MYCL	0.82559335
TET1	0.82556003
ATG14	0.8255565
PNPLA6	0.825529
MYBPC3	0.825528
E2F7	0.8255163
ARHGAP15	0.8255056
TANC2	0.8255055
WDFY3	0.82549953
ARPC2	0.8254825
OTOF	0.8254694
COL4A1	0.8254683
RANBP6	0.8254459
CAPN7	0.8254388
BABAM2	0.82542765
PDGFRA	0.8254207
DISP3	0.82541156
PRDM16	0.82541
NPAT	0.8253963
PCDH18	0.8253925
FAT3	0.82538986
UBXN1	0.8253888
RANBP2	0.8253658
CSMD3	0.82534134
IBSP	0.8253108
NTRK1	0.8252984
CHL1	0.825228
COL11A1	0.8252045
STIM1	0.8251892
AGBL1	0.8251867
MUC16	0.8251586
SMAD3	0.8251573
CDH10	0.82514536
FIGN	0.82513547
GUCY1A1	0.82512987
NAT9	0.82510555
ASPM	0.8250678
XIRP2	0.8250602
ZSCAN10	0.82504404
COL9A3	0.8250412
COL8A2	0.82503444
CASP8	0.8250272
LEF1	0.82502574
BNC1	0.8250252
NPAP1	0.8250015
PRCP	0.8250006
TG	0.8249931
STAB2	0.82498986
EPCAM	0.82498246
CTSZ	0.82491827
ATP1B1	0.82490766
ATP2B3	0.8249053
FLT3	0.8249012
PIGR	0.824901
MUC16	0.8248684
FOXP4	0.8248536
ZMYM3	0.82483745
NEB	0.8248367
ACTR8	0.82482386
TBX20	0.8248013
FOXL2	0.8247949
ZSCAN1	0.8247587
MUC16	0.82472694
PPM1D	0.8247236
HPCAL4	0.8247233
ARHGEF12	0.8247194
PDLIM3	0.8247138
SND1	0.82469136
PKD2	0.82468104
TMTC4	0.8246808
SETBP1	0.8246672
TLNRD1	0.8246537
ENPP2	0.8246375
CWH43	0.82462454
CTNNA1	0.82460284
VPS13C	0.8245609
PRDM16	0.8245535
POLE	0.8245497
ABCB11	0.82452357
TRPC5	0.82452035
RAB6B	0.82450557
SH3PXD2B	0.8245008
RELN	0.8244855
BTNL8	0.82442915
CASP8	0.82442135
GRIN2B	0.82440686
DCX	0.82438546
SEPTIN4	0.82437146
TMEM94	0.8243362
PCDHA7	0.8243305
MUC16	0.8243281
TBC1D1	0.82430935
MYH7	0.82430756
PKHD1L1	0.82429135
AL592490.1	0.82427573
APOB	0.8242749
NT5E	0.8242575
GDA	0.82425576
ZFHX3	0.8242065
LAMA1	0.8241793
HCN1	0.8241685
MUC16	0.8241537
CHD4	0.82414854
SLC12A1	0.8241111
KIAA1614	0.8240945
HAUS3	0.82405615
SOX14	0.82405436
CDC73	0.8240416
RIMS4	0.82402575
SMYD5	0.8240032
OR6K6	0.82398015
HDAC4	0.82397854
ANK2	0.82395434
NTRK1	0.82395166
TP63	0.82395065
MAML3	0.8238827
NRG1	0.8238794
ABCA1	0.8238728
LAMP5	0.8238631
PTPRD	0.82386017
MSH4	0.8238534
POLE	0.82382643
FAT4	0.82382107
MYO15A	0.823785
FRMPD2	0.82375383
ME1	0.8237104
NAALAD2	0.8237097
NIN	0.8236681
ARAF	0.8236598
CD19	0.82365173
TCF7L2	0.8236484
CTNNA2	0.8236382
TLX3	0.82363796
SETBP1	0.823616
TENM3	0.82361317
TRPC4	0.82355624
ZNF507	0.8235332
ZBTB14	0.8235314
ADGRL2	0.8235196
IRF8	0.8235084
TBC1D22A	0.82350224
H1-2	0.8235012
OR6Y1	0.8234894
NR4A2	0.8234763
CDK1	0.82347083
YWHAB	0.82346773
SCN10A	0.8234584
YBX1	0.8234358
GATA2	0.82343423
MEIS1	0.82340944
GPCPD1	0.82340586
HGF	0.82340544
CSMD3	0.8233992
PAX3	0.8233628
BCL9L	0.8233268
CHEK2	0.82331836
PGAP6	0.823318
CNTN3	0.82331693
SALL4	0.8232906
TTC17	0.8232819
CSMD3	0.8232801
DBT	0.823273
SCAPER	0.8232488
DNMT3A	0.8232308
SORL1	0.8232122
IL21R	0.82316595
EYA2	0.82313234
TTI1	0.8231062
TMEM260	0.82310534
SH3RF1	0.8231013
CARNS1	0.8230911
PRKN	0.82298726
ADAMTSL1	0.82298446
CNTNAP2	0.8229831
ZPLD1	0.8229816
SETBP1	0.8229816
CACNA1G	0.82296324
TRPS1	0.82295066
ATP9A	0.82294786
BMS1	0.8229461
ACTN4	0.8229212
PLEC	0.8229196
ACVR2A	0.82291055
ZNF521	0.82290626
ASCC3	0.8228935
CTNNB1	0.8228874
HADHB	0.8228809
PCDHGA8	0.8228726
THOP1	0.82282984
FGF18	0.8228202
ARID3B	0.8228133
CFAP65	0.8228016
BAX	0.8227992
AJAP1	0.82278275
KALRN	0.8227732
NDST4	0.82277083
DENND4A	0.8227264
KIF1C	0.82271343
OR13G1	0.8227042
MAGEB6	0.82270086
LRPPRC	0.82268006
PHF3	0.8226683
UBE2D1	0.8226545
IL1RAPL1	0.8226394
OR56B1	0.8226236
MMAB	0.82260936
CDH11	0.82260054
PLEC	0.82259107
STAG2	0.8225752
SLITRK2	0.8225739
MAP3K19	0.82257
MYH7	0.8225498
CDH12	0.8224951
CPXCR1	0.8224892
PGRMC1	0.8224671
ABCG8	0.8224653
ZNF793	0.8224644
MTHFD1L	0.8224483
TMLHE	0.8224143
DCAF8L1	0.82240933
TRRAP	0.8224072
CLASP1	0.8223947
SIX6	0.8223875
ROBO2	0.8223861
ANKRD16	0.8223797
KIR3DL2	0.82237446
ADAMTS7	0.8223617
CCR3	0.8223568
NCOR1	0.8223556
PPP2R2A	0.82234645
COL5A2	0.8223353
NTHL1	0.8223338
PSTK	0.8223319
VPS13A	0.8223309
BOC	0.82228863
MYH7	0.82227737
C20ORF85	0.82227564
ANK2	0.8222375
OLFML2A	0.8222139
FAP	0.8222122
ZFAND1	0.8222052
ZEB1	0.82220006
RIF1	0.82219076
ACSL3	0.8221812
RYR3	0.822178
EPHA8	0.8221724
CSRNP3	0.8221589
CELA1	0.8221469
HOXA3	0.8221456
PPRC1	0.8221429
GPR6	0.82210666
TEX15	0.8221007
TNS1	0.8220959
MED13	0.8220718
PIGO	0.822058
TTC33	0.8220446
ITM2A	0.82204366
HAX1	0.8220396
ARRB2	0.8220179
BCOR	0.8220102
CFAP69	0.8220074
RASGEF1C	0.821998
EXT2	0.8219767
ATP2B1	0.8219749
MARK1	0.8219714
MUC16	0.821968
PROS1	0.8219155
NAV3	0.82191104
CCNA2	0.821889
MB21D2	0.821871
MTREX	0.82185555
RAD1	0.8218188
PMS2	0.8218005
SCG3	0.8217908
MUC16	0.82178396
EFNA2	0.8217625
ZIC4	0.8217624
UBE3A	0.8217515
LRP1B	0.8217366
MARK2	0.821717
FUT9	0.8217148
PRRX1	0.8216944
FGF5	0.8216572
ZFHX3	0.8216361
EVI5	0.8216237
NBN	0.82162344
FMR1NB	0.82162225
RGS7BP	0.8216106
TCF12	0.821609
RYR2	0.8215934
NDST4	0.82158196
EEF1AKNMT	0.82154787
TASOR2	0.821524
ATP7A	0.8215171
PTX4	0.8215142
RBM10	0.8215124
LRP1B	0.8214928
BRAT1	0.82148594
EMILIN2	0.82147217
SLC22A6	0.8214659
MYH1	0.82144856
FER1L6	0.82141757
TFB2M	0.82141113
SCN1A	0.82138944
XKR7	0.8213793
CHKA	0.82137746
FLNC	0.82136196
ARHGEF12	0.82131416
ZFAND1	0.82130647
DBX1	0.82125914
SLC6A7	0.8212558
CUX1	0.82124794
NCKAP1	0.8212464
CETN1	0.8212418
DMBX1	0.82123554
PDE1C	0.82122856
CHRNA4	0.82120293
HNRNPA1	0.82119524
MUC16	0.82119435
GOLPH3	0.8211739
POU2F3	0.8211738
UBR5	0.821164
HCRTR2	0.8211438
LINGO2	0.82111484
KANSL1	0.82110524
RBM15	0.82109404
F10	0.8210932
GABRA5	0.8210901
ACTG1	0.8210863
MICAL1	0.82108426
FLCN	0.82107085
PTPRD	0.821061
ADCY2	0.8210407
IGF2BP2	0.8210263
FYCO1	0.820998
MYCBP2	0.82095957
TET1	0.820922
LRP1B	0.82092035
SALL1	0.8209099
CFAP65	0.82089996
HSPA5	0.8208873
MYO16	0.8208841
LRRTM4	0.82086974
TRPC5	0.8208534
PLXNA3	0.820825
BCAS2	0.82079965
ASPM	0.82079595
PLRG1	0.8207778
PLEC	0.8207678
SND1	0.8207611
ERBB4	0.82072735
KMT2D	0.82072306
MAP1B	0.8207177
TMTC3	0.8207045
GAN	0.8206687
RUNX1T1	0.82065564
DDO	0.8206144
SYP	0.8206091
TTC37	0.82060504
ZFHX3	0.8206021
LRP1B	0.82059956
SKAP1	0.8205823
KRT74	0.82057863
CSMD3	0.8205165
PACSIN1	0.8204932
LAMB1	0.8204793
EPHA7	0.8204777
OR10H1	0.8204539
PGBD1	0.82043946
OMD	0.8204104
TRIM9	0.82040644
RNF115	0.82037175
SLC26A7	0.82036686
OR10H4	0.8203263
TFDP1	0.8203165
JAKMIP2	0.82029915
SEPTIN7	0.82028943
FLRT3	0.82027334
AP3B2	0.8202585
PDE8A	0.8202388
DGKI	0.8202308
ZNF521	0.82021904
TFE3	0.82020706
PCDH17	0.82020175
LPIN1	0.8201922
FAT4	0.82018125
PRAMEF19	0.8201722
MYC	0.8201687
GFRAL	0.82015586
CDH11	0.82015467
TMEM117	0.82014495
BMPR1B	0.8201358
SEMA5A	0.82012504
THSD7A	0.8200951
RIMS2	0.8200843
NAT10	0.8200798
NSMAF	0.82007235
PTGS1	0.8200565
PTPRC	0.82002115
ALK	0.8200163
LRRC8B	0.8200119
HNF4A	0.8200075
ADAM12	0.8199286
JPH1	0.8199202
NR1H2	0.8198945
PRODH2	0.81988364
PPP2R2C	0.81986606
ESRP1	0.81984353
CRY1	0.819821
FAM72C	0.8198057
RAG1	0.8197561
LEF1	0.81969875
CACNA1E	0.8196899
SIX1	0.81966317
DICER1	0.81964535
OPRL1	0.8196273
TSHZ3	0.81961626
MYO9A	0.81959516
AXDND1	0.81956816
ALK	0.81954706
CDH8	0.8195338
PKD1L1	0.8195209
CMTR2	0.81949854
MMP28	0.8194765
CDX2	0.8194724
LZTR1	0.8194566
VIT	0.8194544
ZFAND1	0.8194417
ME1	0.81943524
OR10H4	0.81942606
TSPEAR	0.8194217
PUM2	0.81940067
CABP1	0.8193647
SETD1A	0.819361
AK8	0.8193487
TNR	0.81933653
PALB2	0.8193354
PTAFR	0.81931996
OVCH2	0.81931037
CTNNA2	0.8193072
KBTBD8	0.81930375
ZFHX3	0.819262
PPP2R5E	0.81925833
ADAMTS3	0.81925553
A1CF	0.8192506
MYO7A	0.8192106
FGD5	0.8192043
OPRL1	0.8191849
TINAG	0.81918204
RPS2	0.81916934
OR8K3	0.8191662
XIRP2	0.81916094
KCND2	0.81913406
ERO1A	0.819131
ANKRD30A	0.8191093
PTCH1	0.81908983
SETD2	0.81908023
NGFR	0.81907487
ATR	0.8190742
LIX1L	0.81905633
MUC16	0.8190274
MUC6	0.81900483
SPRR1A	0.8190038
RUNX1T1	0.8189765
PTPRC	0.8189698
FLAD1	0.8189384
CSMD3	0.81893116
COL11A1	0.8189249
TIAM2	0.8189231
FSHR	0.8189124
GJA1	0.8189074
FAT4	0.8189029
TSC2	0.81889445
CSMD3	0.8188925
FAM3C	0.81887496
RBM18	0.81884754
TRRAP	0.818846
USP9X	0.8188414
GFPT1	0.81883657
CNKSR3	0.81882924
BAX	0.8188046
HNRNPD	0.8187938
CHN1	0.81876546
TMTC1	0.8187493
SPTA1	0.81874347
SETBP1	0.8187434
COL3A1	0.81872374
AMACR	0.8187155
IARS2	0.8187091
NDST2	0.81866825
SOGA3	0.8186667
PEX5L	0.8186583
CTNND2	0.8186335
THBS2	0.818607
SIM2	0.8185955
EPHA7	0.81859195
FLT3	0.8185888
CLASP2	0.81856954
MAGEA10	0.81855816
HNRNPA1	0.81852597
POU4F1	0.8185046
C12ORF60	0.8184754
SECTM1	0.818472
UBE2J1	0.8184617
RBM10	0.8184435
TCEAL5	0.8184332
DTX2	0.81842697
ACTR8	0.81842077
ANK1	0.81839174
CTNNA2	0.8183702
PRKCG	0.81836665
MUC16	0.818331
LATS2	0.8182935
ABCA1	0.81829345
TNFAIP3	0.8182434
SLC7A7	0.818241
HHIPL2	0.81821114
CATSPERD	0.81819624
SPOP	0.81819403
WRN	0.8181939
EEF2K	0.81819326
TRRAP	0.8181888
MTR	0.8181723
PCNX4	0.81817174
CSMD3	0.81816375
CSMD3	0.81816137
ATRN	0.8181287
MUC16	0.81811523
CRTC1	0.8181117
ZNF451	0.8181114
CSMD3	0.8180986
ASXL1	0.81808555
TMEM200A	0.818069
ZSCAN20	0.81805336
OR5A1	0.8179754
MAP3K14	0.81797487
MTMR6	0.8179524
TAF2	0.8179476
MYO18A	0.8179476
PREPL	0.81790924
CDKAL1	0.8179027
BCL9	0.81786704
PCDHB5	0.8178669
FZD5	0.81785554
IMMT	0.8178394
CYP26B1	0.8178251
H2BC7	0.81781876
N4BP2	0.81781316
MMP2	0.8178029
CSMD3	0.8178026
PDGFRA	0.81780034
PTGIS	0.81778544
CLSPN	0.81777275
SYNPO2	0.8177706
UNC45B	0.8177628
HFM1	0.8177592
DOCK2	0.81773514
CNTN4	0.81773156
ZNF483	0.81769836
PDS5B	0.8176817
PTAFR	0.81767875
EARS2	0.8176629
GRIK2	0.81766176
SCN3A	0.8176571
SVEP1	0.8176212
SLIT3	0.81761646
AMPH	0.81761366
PTPRB	0.81760895
IRS4	0.81760275
MYH13	0.8175855
COL12A1	0.81757456
LEF1	0.81756353
LINS1	0.81755555
ZFAND1	0.817546
RPL7	0.81752956
NFATC2	0.8175261
GNPDA2	0.81752163
NLGN1	0.8175126
IRS4	0.8175089
AHNAK	0.81750613
KLF4	0.8175057
DYRK3	0.81747586
SLC12A8	0.81747305
COP1	0.81745166
PPM1D	0.81745046
OMD	0.81745017
PCDHGA10	0.81744695
GABRB3	0.8174431
COL3A1	0.8174362
HIPK3	0.8174275
PAM	0.8174246
RPS6KA5	0.81742275
FAT3	0.8174172
SIRPA	0.8174146
HS3ST1	0.8174101
JAKMIP1	0.8173867
SORT1	0.81734985
CETN3	0.8173357
CTNNB1	0.8173226
INO80C	0.81732
PTK7	0.81730586
ST6GAL2	0.8172521
VSIR	0.8172398
YME1L1	0.81723726
LRP2	0.8172191
ZFP30	0.8172177
DOCK1	0.8172147
FLT4	0.8172138
FLT4	0.8172043
ADAMTS17	0.8171966
PALB2	0.8171904
ABHD12B	0.817175
FOXL2	0.81717163
SPAG5	0.81716126
KIF2A	0.81714547
CSMD3	0.81714296
PTPRT	0.8171424
C5ORF51	0.81713235
CFAP300	0.81711775
SUSD6	0.81711733
TMEM132D	0.8170918
EPHB2	0.81706965
PDE1A	0.8170696
ARHGEF9	0.81706625
DIP2A	0.81705755
PUS10	0.8170524
PLEC	0.81704885
MED12	0.8170488
NLRP9	0.8170373
FAT3	0.81703395
HEPHL1	0.81702626
RPTOR	0.81698483
RIC3	0.8169738
TET1	0.8169506
NTRK3	0.8169413
PLEKHA7	0.8169241
COL4A1	0.8169206
VCP	0.8168935
PLK2	0.81689024
CFAP70	0.81688833
ATP12A	0.81688726
CTNNA2	0.8168801
MUC16	0.8168759
FBN2	0.81686115
STAT4	0.8168571
RBP3	0.8168412
UBR4	0.8168283
ATRNL1	0.8168076
NDUFA9	0.8167732
ALMS1	0.8167591
CLIP1	0.8167364
PTPN5	0.8167021
PTDSS1	0.816684
RUNX1	0.81667906
TEC	0.8166534
MUC6	0.8166468
OR7D2	0.81663674
BABAM2	0.81662714
OCRL	0.81661844
TUBA3D	0.81659603
BRINP2	0.81659424
IKZF1	0.8165931
SMAD4	0.8165878
CTNNB1	0.8165817
AFF4	0.81647456
NPHP4	0.8164672
HNRNPA2B1	0.8164637
OR4P4	0.8164492
ST14	0.8164412
TCEA2	0.81643814
ADGRV1	0.8164217
OSBPL9	0.81637084
ZMYM2	0.8163656
DNAJB5	0.8163644
RPL37	0.8163173
HTT	0.8163016
PRDM16	0.81628114
FBN3	0.8162581
MUC16	0.8162491
FSHR	0.8162402
ZNF521	0.81623757
LRTM2	0.8162325
SLC9A8	0.81623065
DKK2	0.8162251
NCOR2	0.816223
TIAM1	0.8162155
STK31	0.8162112
PCDH8	0.81614614
KCNK10	0.8161261
SETD2	0.8161209
PTPN1	0.81607795
PRKDC	0.81606996
FAM47C	0.816066
SCAF4	0.8160433
ACVR2A	0.8160015
CSMD3	0.81598544
CTNNB1	0.81597036
GABRA4	0.8159677
CNTNAP2	0.81596047
PDGFRA	0.8159528
CPNE5	0.815933
ASPM	0.81593066
PLEKHG2	0.81591034
BCOR	0.8159098
APOB	0.8159035
CHRNA7	0.8158566
ZNF318	0.81585413
USP1	0.81581956
ZNF831	0.815754
STAT3	0.81573963
MRGPRX3	0.8157024
ATRN	0.81569856
HK3	0.81569624
TET1	0.8156858
MUC16	0.8156822
STIL	0.81566197
LARP1B	0.81565124
CBL	0.8156439
OGA	0.8156321
PCF11	0.81561434
SPANXN3	0.8156111
NMRK1	0.8156059
THRA	0.81556267
HNF4A	0.81555474
SMC3	0.8155529
COL2A1	0.8155179
ALPK2	0.8155164
PTPRD	0.81550807
TTN	0.81549084
ERG	0.8154705
TEX14	0.8154674
SSRP1	0.8154208
ARMC3	0.81540066
CHRND	0.8153696
BRCA2	0.8153583
CADM1	0.81534296
TSHZ3	0.8153416
ARHGEF10L	0.8153063
MMP28	0.8152871
AIFM1	0.8152757
PROSER1	0.8152677
EXOC6	0.8152525
SLC1A1	0.815251
CAMK4	0.81523794
PTPRK	0.81522614
GABRG2	0.81520754
MUC16	0.8151779
SETBP1	0.8151626
KCNJ16	0.8151599
CSMD3	0.81514996
CHD2	0.81514174
SH3RF3	0.8151255
FOXRED2	0.81511563
ERCC6	0.8150885
PTPRD	0.8150868
FUCA2	0.81507343
DSEL	0.8150364
MAGI2	0.8150329
PTPRZ1	0.8150319
CADM2	0.8150263
TRIOBP	0.8150204
EHMT2	0.8150004
PLXNA2	0.81497496
ZNF385D	0.81496775
SUN3	0.8149624
ZNF804A	0.8149246
ASPM	0.81492066
MUC16	0.8149033
HNRNPC	0.81489694
PAX7	0.8148935
RELN	0.8148931
NUP155	0.81488883
CPS1	0.81486905
VPS36	0.8148651
RC3H2	0.814834
EPS8L1	0.81483376
TMEM14C	0.8148053
KARS1	0.81479543
MAGEC1	0.8147804
INPP1	0.8147796
MECOM	0.8147694
ZIC4	0.8147643
RAI2	0.814763
RBM10	0.8147509
POPDC2	0.8147229
PTPRD	0.8147137
KCNJ3	0.8146965
MGAM	0.81468326
MAP3K12	0.8146692
PTPRD	0.8146489
COL4A1	0.8146043
PCDH8	0.81456363
BTG1	0.81454897
PDGFRA	0.8145322
TAF2	0.8144995
MB21D2	0.8144697
MB21D2	0.8144626
C2CD3	0.8144551
COL11A1	0.8144542
ATRNL1	0.81443787
AGL	0.81443727
SENP2	0.81443536
OR4N5	0.81442404
ARHGAP35	0.8144209
KCNJ3	0.81441426
MAPK13	0.8143942
GABRG2	0.81438166
FAM120A	0.8143525
LRATD1	0.8143286
CRTC3	0.81431663
SMG8	0.8142828
EHD3	0.81426287
LRP1B	0.8142326
CACNA1E	0.8142232
CPPED1	0.81421924
MUC16	0.81421405
WRN	0.81419677
NTRK1	0.8141941
DNMBP	0.8141899
NIPBL	0.81418955
ZNF76	0.8141842
TENM2	0.81417155
PIGF	0.81417066
LRP1B	0.8141642
PRRX1	0.81414694
MGMT	0.8141043
GUCY1A1	0.8141013
CHRNG	0.81408334
SEPTIN7	0.8140657
FAM47B	0.8140532
TRPM7	0.81402254
SKAP2	0.8140124
MGA	0.8139947
TXNDC11	0.81395435
GABRG1	0.813937
CDH10	0.81392837
CETN3	0.8138705
APC	0.81385696
TET1	0.81384504
ARHGAP15	0.8138193
PDLIM5	0.8138181
GLI1	0.8138062
MYO18B	0.8137713
ASXL2	0.8137671
RNF185	0.81376135
PRDM16	0.8137575
NSD3	0.81375515
CPLX2	0.8137465
TLE4	0.8137434
STK31	0.8137256
CNTNAP2	0.8137234
KLC2	0.8137207
ZNF479	0.81370914
CDH17	0.8137086
TOM1L2	0.8137003
NOS1	0.81369823
DLK1	0.81369776
MYH2	0.81369114
POLE	0.81367433
CDH12	0.8136462
ARMC3	0.813622
COQ10B	0.8136215
DOCK10	0.8136132
TNXB	0.81359595
OPRK1	0.8135875
TRIP12	0.81357837
POLR3A	0.81357765
HIVEP2	0.8135774
PTCD3	0.81356764
CCDC34	0.8135546
ZNF638	0.8135505
SETD2	0.8135383
CDH10	0.81353223
MYH6	0.813532
PRKD1	0.81352663
PCLO	0.8135103
ING4	0.8135059
HERC4	0.81349516
ATRX	0.81349087
DCAF1	0.8134675
FAT3	0.8134592
FHL1	0.81345737
GLOD5	0.8134535
FLT3	0.8134481
SERPINA7	0.81344366
ANK3	0.8134061
SLC45A3	0.81340337
SPAG6	0.8133608
RALGAPB	0.8133449
MTOR	0.81333894
AJAP1	0.8133312
SMARCC2	0.8133274
SLC45A2	0.8133056
ACOT7	0.8132808
IL7R	0.81326514
BMPER	0.8132636
FHL5	0.8132629
LRRC7	0.8132385
CCDC170	0.81323385
SEMA6A	0.81323344
OR6C1	0.8132251
ASTN2	0.8132174
SLC8A1	0.81321144
ANK1	0.8132102
PXDN	0.81319463
KRT75	0.8131814
FAF2	0.8131715
TTC13	0.8131677
CDK12	0.8131673
PDZRN4	0.8131622
COL6A2	0.81315476
CYB5R4	0.8131527
EDNRB	0.813151
NRXN3	0.8131477
CT83	0.81314063
EML5	0.81313914
PPARA	0.8131383
CDH18	0.81313425
GIMAP1	0.8131293
ATRIP	0.81311715
SMR3B	0.81309855
PRDM13	0.8130777
PALB2	0.8130655
MTREX	0.8130618
LGR6	0.8130529
PIK3C2B	0.81301713
SETBP1	0.8129853
ABT1	0.8129752
PLD5	0.8129707
ZBTB16	0.81296223
CBFA2T3	0.81296086
FAM171B	0.8129308
BOD1L1	0.81292444
MAST1	0.81290793
SART3	0.81288695
FBXL7	0.81288534
ASXL1	0.8128603
FMO1	0.81284994
RTRAF	0.8128422
RBM10	0.81282
ZNF536	0.81281656
ATF7	0.8128127
AFF4	0.8127908
OR8J3	0.81278855
DUSP15	0.8127739
OMD	0.81277
CTNNB1	0.8127539
APOH	0.8127232
FAT4	0.81270707
GPC5	0.8127069
DPP10	0.8126885
CIC	0.8126488
ZMIZ2	0.8126437
EPRS1	0.8126384
RELN	0.8126117
LRP1B	0.8125911
FRYL	0.8125901
PBRM1	0.8125875
CHD9	0.8125818
ADAMTS12	0.81257415
LRRC7	0.8125657
PTPRD	0.81255794
MARK1	0.8125042
PRDM16	0.8125034
NUP214	0.8125034
PREPL	0.8125007
USF3	0.8124706
APC2	0.8124692
BRF2	0.8124678
BICRAL	0.81246006
MAGEL2	0.8124576
L1CAM	0.81244266
RANGAP1	0.81243515
GLA	0.81243
PCDHB7	0.8124161
PLCB4	0.8123754
AKAP13	0.8123646
NEDD1	0.81236196
CHL1	0.81233275
PLCL2	0.81233233
BCL9L	0.8123037
TFAP2A	0.8122816
CCAR1	0.81226355
ZBTB41	0.81225294
OR4Q3	0.8122255
OR4N5	0.8122255
POT1	0.81221694
DSG3	0.81221676
CLCA1	0.81221217
PDE1C	0.8122035
IGFBP7	0.8121962
RANBP2	0.8121948
MS4A2	0.81218904
GRIK2	0.81216383
COX16	0.812163
GFM1	0.81214213
PDGFRB	0.8121412
MTA1	0.8121122
NCAM1	0.8121066
BCHE	0.81208813
ZEB1	0.8120631
HERC1	0.8120614
PEX19	0.81205475
UGT2B4	0.8120374
ZNF439	0.81203496
GALNTL6	0.81203365
CTHRC1	0.81201994
MAP3K13	0.8120156
RIPOR2	0.8120127
PIGF	0.81195366
FSCB	0.8118931
LRP1B	0.81186247
C8ORF34	0.81186104
PPP1R13B	0.8118532
MUC16	0.81181467
RGS12	0.81178397
PPM1D	0.81176496
BCL9L	0.8117641
SPECC1	0.8117522
BICRAL	0.8117482
PREPL	0.81174564
TMC2	0.8117095
R3HDM1	0.81167424
ACE2	0.8116625
INSRR	0.81165415
JAK1	0.8116507
CFAP54	0.81163615
BUB1B	0.8116311
SLC8A1	0.8116257
FAT1	0.8115725
TRIM58	0.811568
CSMD3	0.8115309
GAD2	0.8114986
TMPRSS15	0.81149346
SLC24A2	0.81148154
COL4A3	0.8114671
CDH7	0.8114557
RNF150	0.81145144
ABCA12	0.81143886
ZNF267	0.8114133
SETD2	0.8114112
RNF8	0.81140065
DLC1	0.8113763
ACTR3B	0.81136465
CLPB	0.8113607
TSPAN10	0.81132936
KCNA6	0.81131864
NRAP	0.8113123
RFFL	0.8112975
WIPF3	0.811296
BMT2	0.81128514
VPS13D	0.8112771
DPP3	0.81126636
OR4N5	0.8112569
MCCC2	0.81125665
ZFAND2B	0.8112439
WDFY3	0.8112353
TRIM6	0.81123066
CCDC38	0.8112215
TLX3	0.81119573
FKBP9	0.81118983
STAT1	0.8111881
RALB	0.8111838
U2SURP	0.81116074
MAP3K5	0.8111598
GBX1	0.81114614
IQUB	0.8111417
UNC5D	0.811097
CEBPG	0.8110788
GDPD2	0.811057
LARP4B	0.8110407
NBEA	0.81102824
STAT1	0.81102717
STAP1	0.8110206
OR5H2	0.8110155
TTN	0.81098497
MUC16	0.8109659
CSMD3	0.81093836
NCOA2	0.8109381
PRR35	0.810902
CYP11B1	0.8108925
PDGFRA	0.8108701
CT83	0.810869
TMEM200A	0.8108593
ACVR2A	0.8108301
JAK2	0.8108176
ERBB4	0.81080884
DDX18	0.8108007
COL5A2	0.8107747
MAT2B	0.8107716
USH2A	0.81074226
EXT2	0.8107393
CACNA1B	0.8107327
FSHR	0.8107283
XRCC1	0.81072825
TBL1XR1	0.8107065
BUB1B	0.8107057
ZNF536	0.8107033
CNTNAP2	0.8106893
DNAH11	0.81065536
ZFPM2	0.8106457
ROR2	0.810635
CNTNAP2	0.81060433
TMEM255A	0.8105877
TAF1	0.81057894
NLRP2	0.81053984
PCDH19	0.8105385
PDIA3	0.8105291
CTNNB1	0.81051064
HECW1	0.8105037
SLC6A18	0.81047064
CDH11	0.8104547
CHRNA6	0.81044495
COL3A1	0.81039226
LARGE1	0.810374
CSMD3	0.8103497
CDH10	0.8103253
KRT76	0.810315
CSMD3	0.8103127
P2RY4	0.81029046
TMEFF2	0.81027806
CT83	0.81026655
ADAMTS12	0.81025624
HDAC4	0.810249
HRH4	0.8102451
CDH8	0.8102108
KRT37	0.8102053
NALCN	0.81020343
KMT2C	0.8101854
MTMR12	0.8101725
SEPTIN6	0.8101694
TXNDC11	0.81016934
KMT2C	0.81016016
BACH1	0.8101471
MAZ	0.81014556
CPT1A	0.8101437
NEUROD1	0.8101201
BEND6	0.81011736
CDX2	0.8101065
NHS	0.81008065
TCF12	0.8100796
RAB3IL1	0.810063
LGMN	0.8100618
INPP5B	0.8100484
TTC21A	0.8100479
SMARCA1	0.81004494
KANSL1	0.8100384
FAT3	0.81003356
OPHN1	0.8100008
STXBP1	0.809994
CDK18	0.80999213
AR	0.80997956
CSMD3	0.8099773
CSMD3	0.80996746
XIRP2	0.8099326
FAM83B	0.80992705
ITCH	0.80990803
PDE4DIP	0.80989206
EPHA7	0.80988467
ANK2	0.80988175
MYOM1	0.80987555
MMP7	0.80984545
GABPB1	0.8098386
AKT3	0.80982816
KIF26B	0.8098265
GABRB3	0.80980897
C6	0.8098041
VPS18	0.80980134
NSD1	0.80978525
PRKD1	0.80976295
MAL2	0.80974674
TNN	0.80974185
ADCY8	0.8097381
CTNNB1	0.80971885
CETN3	0.8097186
AKAP4	0.80971575
CNGA2	0.80971205
HTR1E	0.8097107
REV1	0.8096827
CD226	0.80965745
CSMD3	0.8096523
CLCN1	0.8096322
EXT2	0.80961776
RORA	0.80960006
WDR49	0.8095977
ZFAND1	0.80959255
KMT2A	0.8095844
LARP4B	0.80956805
DDX39B	0.8095148
PLEC	0.8095052
PLEKHM3	0.80947304
CCIN	0.8094704
TENM3	0.80946034
FN1	0.80941474
RAB39B	0.80941415
ELK4	0.8093808
CENPJ	0.80937153
DCTN1	0.8093687
LLGL1	0.809355
HNF4A	0.8093545
CFH	0.8093525
OTOA	0.80933416
SPRY4	0.80933267
IPO13	0.80931914
BTRC	0.809309
CETN3	0.8092971
VWF	0.8092613
MBD1	0.8092461
LTBP1	0.80920595
IL7R	0.80920404
MYH9	0.80920035
SETDB1	0.8091904
MYLK	0.80917776
ZBTB10	0.80916685
ZNF479	0.8091637
DCSTAMP	0.80914617
FLNB	0.80909806
USH2A	0.8090925
NID2	0.80909216
ATF7IP	0.8090869
CCDC54	0.809083
TEX101	0.80902815
GABRA6	0.8090182
PIK3C3	0.8090136
INSYN1	0.80900913
TET1	0.8089986
ZC3H14	0.808994
TLR7	0.80899084
PDE3A	0.80898666
SOS1	0.808975
SLC34A2	0.8089673
CHM	0.8089558
PTPN4	0.8089552
OSBPL6	0.8089503
ZNF479	0.80894685
ABLIM3	0.808899
DNAI3	0.8088949
DLG5	0.80888665
VCAN	0.8088792
CSMD3	0.80887073
RCC1L	0.8088634
RBM10	0.8088446
FAT4	0.8088347
AHRR	0.80880946
ITIH2	0.80880743
TPP2	0.8087728
MGP	0.80874676
COL3A1	0.808741
ITGA11	0.80873895
TTC25	0.8087345
PTPN11	0.80871
RELN	0.8086861
DNM1	0.8086816
OLFM3	0.8086594
ERG	0.80860347
SLC24A4	0.80859864
LCN15	0.8085817
EFNB2	0.80857563
TMEM106C	0.80856776
ACTL6A	0.8085455
MED12	0.80854475
GABRG2	0.80852836
PCDHA1	0.8085278
SSH1	0.80852616
PPM1D	0.80852324
FAT3	0.8085129
SLC22A2	0.8085062
CDC42BPB	0.8084725
TFPT	0.80846167
HOXA5	0.808452
TBX2	0.80842626
KCNK2	0.8084043
PFAS	0.80837935
REEP1	0.8083792
TAS2R16	0.8083667
GRIN2A	0.8083371
IDE	0.80832374
LRP1B	0.80831885
CSMD3	0.8082944
ARHGAP32	0.8082751
CYFIP1	0.8082729
NFATC4	0.80826527
RNF150	0.8082157
CSMD3	0.8082061
AKAP6	0.80817974
RABEP2	0.80817133
KCNK2	0.8081583
NPAP1	0.8081415
POLR2A	0.8081088
SLC14A1	0.80810076
CUL9	0.8080903
PDE6A	0.80808854
ZNF486	0.8080845
PRKCB	0.8080628
PPARGC1A	0.80806184
TFPT	0.8080314
TRRAP	0.8080312
PREX2	0.8079555
SLC39A10	0.8079448
PDE4DIP	0.80793226
EXT2	0.8079227
CHL1	0.8079115
CREBBP	0.80789745
ARL15	0.8078753
NPSR1	0.80786407
PTPRD	0.8078611
DPYSL5	0.80785
GALNT13	0.8078443
XIRP2	0.80781335
PTPRK	0.8077925
BBS7	0.8077875
FRZB	0.80777866
USP15	0.80777144
ACAP2	0.8077135
CSMD3	0.80771184
EXT2	0.8076963
PALM2AKAP2	0.8076805
MPDZ	0.8076786
WT1	0.80767554
DCAF4L2	0.80762434
RAB11FIP2	0.8076072
NOS1	0.8076069
KRTAP21-2	0.8075991
ITGA7	0.80759084
URB2	0.8075825
TDRD3	0.80757636
TMEM8B	0.8075688
TINAG	0.8075626
TET1	0.8075604
CDH10	0.8075592
DHRS3	0.80753905
CDH8	0.80753374
SI	0.80753064
PCNX2	0.807506
MBD5	0.807465
MYH2	0.8074199
TLR6	0.80741984
SLC30A10	0.80741113
LRP1B	0.807394
TULP3	0.8073915
GRIN2A	0.80737907
TMTC1	0.80737674
MYH15	0.8073702
TTYH1	0.8073665
OR2M3	0.807366
EIF1	0.8073638
MAMLD1	0.8073547
PTPRT	0.80734205
ABCD4	0.80730677
WDR70	0.8073037
APBB2	0.8072827
ACTN3	0.8072689
MUC16	0.8072572
GPC6	0.8072482
MAGI2	0.8072073
LCT	0.80719846
H3-5	0.8071972
CCDC6	0.8071807
HNRNPUL2	0.80716926
TPD52	0.8071431
LRP1	0.8071262
DICER1	0.8071227
NAGPA	0.807115
DCAF12L2	0.80710244
ITGA8	0.8070729
POU3F4	0.8070296
PTPN13	0.807013
RNF213	0.80700123
CPEB3	0.80699825
BPNT1	0.806981
ZNF536	0.8069677
DOCK2	0.8069453
TNFSF11	0.80693424
MYH1	0.8069114
CBLL1	0.8069104
NPHP3	0.8068489
MSTN	0.8068364
FANCF	0.80683374
PLEC	0.8068299
CNTNAP2	0.8067988
C1QB	0.80679727
FANCG	0.8067904
SRGAP3	0.8067894
KLHDC1	0.80678225
SIX2	0.80674875
C2CD2L	0.80674356
ITGA10	0.8067341
CFAP47	0.80671954
ZNF521	0.8067192
PRF1	0.8066993
ZNF479	0.806695
POLD2	0.806666
ADGRL2	0.8066648
EPHA6	0.80665994
DLG3	0.8066357
ABCC1	0.80662924
DZIP3	0.8066084
ABCG5	0.8065909
GIMAP8	0.80657506
CTNNA2	0.80653054
ARAP2	0.80652213
CATSPERE	0.80650246
PIK3C2B	0.806494
DUSP10	0.80647606
ITPR3	0.8064647
TRO	0.80643636
RRAGB	0.80643094
MLLT10	0.80642974
STAP1	0.8064272
OMD	0.8064042
SI	0.806399
RGMA	0.8063857
DNAH11	0.80635595
KIAA0895	0.8063532
TEX15	0.80634695
CUBN	0.8063408
RYR1	0.80632067
CXCR4	0.8063164
IL9R	0.80631554
ERICH3	0.806309
BUB1	0.8062999
TET1	0.8062983
SF1	0.80629194
PTAFR	0.806278
CAND2	0.8062585
SBNO2	0.8062377
ZFAND1	0.8062043
ACTL6A	0.8061547
TLX3	0.8061483
MCF2	0.8061447
MACO1	0.8061323
ARL4D	0.80609435
ADAMTS20	0.8059993
PKHD1L1	0.8059935
SLC17A6	0.80595744
RIMS2	0.80595326
PDPR	0.805951
CEP120	0.8059335
POLD1	0.8059195
FAM135B	0.80590945
TIMP1	0.80590904
ABHD13	0.805897
BRINP3	0.80588233
KLF6	0.80587816
MUC16	0.8058698
OR52K1	0.8058512
HGF	0.8058474
LPAR1	0.80584663
CHRNB4	0.8058381
ACTN2	0.80583465
OPRL1	0.8058064
CPT1A	0.8057974
GRIN2B	0.8057753
TMCO2	0.8057718
CNMD	0.80575645
CPT1A	0.8057556
THRA	0.80571914
ANXA7	0.8057142
PTPRC	0.8057011
SEMA4C	0.80570054
HBE1	0.80569685
CHD5	0.80569315
CRTAC1	0.8056768
HCN1	0.8056764
DHX8	0.80566704
CDH22	0.8056595
TG	0.80565137
PRKD1	0.80562437
NR2F6	0.80560243
PTPRD	0.80559975
PAN2	0.8055799
CDH17	0.8055685
CDK16	0.8055483
TMEM132E	0.80551934
MUC16	0.8055074
FBXO4	0.8054966
NRIP1	0.8054925
SLC35B3	0.80547476
CHD6	0.8054395
NTNG1	0.8054222
SQOR	0.80541825
ZFHX3	0.8054076
CDK12	0.80535233
MUC16	0.80533445
SYNPR	0.8053325
AKR1B15	0.80530226
CTSB	0.805302
FAT3	0.80529565
RICTOR	0.80529547
PCDHGA4	0.80529237
LGR6	0.8052252
LARP4	0.8052003
POLQ	0.8051962
RNF17	0.8051752
ZCCHC8	0.8051733
RBM15	0.8051733
KMT2C	0.80515385
HCN1	0.8051332
PARP6	0.80512565
MYH11	0.8051223
MIXL1	0.80511343
TOPBP1	0.8051017
CETN3	0.805079
STXBP6	0.80507624
MYH13	0.8050618
DVL3	0.8050551
PTGS1	0.8050512
DNER	0.80504954
GPHN	0.8050152
PRKD1	0.80498594
PRCC	0.8049699
ELOVL7	0.80496
COG7	0.80495596
TTLL6	0.80495274
NOS1	0.8049476
OR10G4	0.8049387
TMEM131	0.80493003
TMEM8B	0.8049158
DGKB	0.8048957
SLC31A2	0.804894
SV2C	0.8048922
CNTN5	0.80488557
MUC6	0.8048612
PLA2R1	0.80484843
DIAPH1	0.80484366
LDB1	0.8048135
CLCN1	0.8048129
GRIA3	0.8048092
NALCN	0.8047622
OR10A6	0.8046918
SPRY4	0.8046898
PDZRN4	0.8046673
OCA2	0.8046649
GYS2	0.8046603
ELAVL4	0.80465746
PPP1R12A	0.8046394
DDR2	0.80463773
LELP1	0.8046356
STK31	0.804607
GFOD2	0.8046065
GPC5	0.8046062
PEAK1	0.80459034
ATP13A3	0.8045856
ATRX	0.80457747
KIR3DL2	0.80454606
SF3B1	0.8045364
TLX3	0.80453134
CT83	0.80452317
LTBP2	0.80450016
FOXO4	0.80448234
DAPK3	0.80445766
CCND2	0.80442536
CRABP2	0.80439794
CHRND	0.8043885
TRPS1	0.8043877
OR5AS1	0.8043817
RICTOR	0.8043763
BACH1	0.80436194
CDH23	0.80436075
CRYBG3	0.8043567
DNAH5	0.8043275
YTHDC1	0.80431455
MSGN1	0.8043073
NRP2	0.804307
LIPG	0.8042766
SSTR4	0.80425453
MYO10	0.8042539
PLEC	0.8042507
DOK6	0.804216
RUNX1T1	0.80420077
IQSEC2	0.804196
DRD2	0.80419475
VPS37A	0.8041886
TTC12	0.80418265
ABCA5	0.8041718
MYH13	0.8041095
MIA2	0.80410576
OR5L1	0.8040875
ANKRD44	0.8040809
ADGRB3	0.80407417
KIF26B	0.80407387
KIFBP	0.8040625
SMARCA1	0.8040614
FRG2C	0.8040494
ZSWIM3	0.80404335
CSMD3	0.8040395
PVALB	0.80403095
FAT1	0.8040292
CREG1	0.80400664
NTRK3	0.80397964
ZNF536	0.8039714
BTBD11	0.8039565
WDR17	0.80394787
ROR2	0.8039133
NSG2	0.80391246
NAV3	0.8039082
ZBTB12	0.80387306
FAT4	0.8038708
ZNF521	0.803857
CDC73	0.803828
TULP4	0.80382717
ADGRV1	0.80382395
TTC21A	0.8038188
F13B	0.8038173
TBX18	0.8038068
DNAJB1	0.8037964
FAT4	0.8037604
DCHS1	0.8037536
ATP2A3	0.8037366
KSR2	0.8037337
DMAC2	0.80373335
C7	0.8037156
GSDMC	0.8037112
AQP9	0.8037098
ADGRF5	0.80369765
TRIP12	0.8036921
OLFM2	0.8036889
COP1	0.8036854
CDH8	0.8036756
CDH10	0.8036634
UBE2E3	0.80365986
LAMP5	0.80364656
OR9I1	0.8036392
RERE	0.8036356
SETBP1	0.8036231
TSHR	0.80360055
FAT4	0.8035864
FILIP1	0.8035763
TRPC6	0.8035687
EP300	0.80356556
PPM1D	0.80355227
CNTN5	0.8035137
STRN3	0.803512
SOAT1	0.80347794
ZFAND1	0.8034774
SIK3	0.80345535
WDPCP	0.80344087
FREM1	0.80343586
IL12RB2	0.80343044
KCNIP3	0.80342495
TSHZ2	0.80342156
SNRNP200	0.80340886
PTPRC	0.80338967
EYA4	0.8033809
ASPM	0.8033706
TP63	0.80334187
EVA1C	0.80333805
NUP98	0.80332476
PRKD1	0.80331993
SYNE2	0.8033116
GPR158	0.80329883
SH3PXD2A	0.8032824
KLHL2	0.8032813
CCNE1	0.80328035
OR5M3	0.8032062
SETDB1	0.8032035
CETN3	0.80319566
FAT1	0.8031921
LILRA4	0.80315256
CHRM3	0.8031275
MRGPRX3	0.80312705
KL	0.8031165
CASP8AP2	0.80309975
USP1	0.8030967
RNF213	0.80306923
SMIM14	0.80306196
DOK6	0.8030554
ZBTB41	0.8030026
PALB2	0.8029996
OPHN1	0.80299085
SLC8A1	0.80298835
CCSER1	0.8029769
ABCC11	0.802939
ARHGAP11A	0.80292
TRIM63	0.80291355
SYNE2	0.8029061
TRIP11	0.80290496
AATF	0.8029033
CLIP1	0.80288804
PRDM13	0.80288136
ADAMTS3	0.80285263
PCDHB2	0.80283916
CEP89	0.8028355
ID3	0.80283254
DNAH3	0.8028025
FLI1	0.8028003
POT1	0.8027894
RB1CC1	0.8027647
BRINP3	0.8027553
DDIAS	0.802743
ZNF479	0.8027409
ZXDC	0.80272543
PTGS1	0.8027238
PTK2B	0.80270755
PRAM1	0.80270195
PTPRT	0.8026626
DCTN5	0.80263454
PREPL	0.80262876
CHRND	0.8026241
FGA	0.8026217
CYTH4	0.8025943
ANK2	0.80258256
FAT3	0.80257374
GRIN2A	0.8025731
ZFAND1	0.8025702
PHACTR3	0.80255955
NEB	0.8025522
WNT10B	0.8025516
RAD54L	0.8025254
SLITRK1	0.80250865
TET1	0.80249834
MIGA1	0.8024921
ARID2	0.80248976
SPRY4	0.8024844
MUC16	0.8024817
VWF	0.8024765
LHX9	0.8024732
DCP1B	0.8024732
PPM1D	0.80246246
POT1	0.8024431
TNR	0.8024386
LRP1B	0.8024314
CLUAP1	0.8024205
AGRN	0.80241656
ADGRV1	0.8024163
PARP3	0.8024131
MED13L	0.80238545
FOXA1	0.80237776
DNMT3B	0.8023706
HOXA3	0.80236626
ZNF10	0.80235475
PAQR9	0.8023492
GPR32	0.80234575
TTC21A	0.802328
CTNND2	0.8023164
LHX8	0.8022896
PAX5	0.8022572
TRIM58	0.80224514
PIP4K2A	0.8022438
PRF1	0.8022117
ZNF341	0.80220485
CT83	0.80220455
PDIA6	0.80220133
KIF26B	0.8021991
COLGALT2	0.8021985
PLEKHG2	0.8021781
FAT4	0.8021702
NOS1	0.8021529
PATZ1	0.80214524
CPNE6	0.80214274
CHRND	0.8021383
MUC16	0.8021252
ZFHX4	0.802122
PRAMEF4	0.8021056
RELN	0.8021039
ADARB1	0.80208683
PFKM	0.802068
ROR2	0.8020672
ADCY6	0.8020636
NFATC4	0.80206263
HGF	0.8020588
PPP3CA	0.80205876
ALK	0.80205494
NRG1	0.8020251
AAR2	0.80198485
PTPRR	0.8019817
ZMYM2	0.8019759
EGFLAM	0.80195147
N4BP2L2	0.80192494
CHRND	0.80191827
XIRP2	0.8019171
CCT6B	0.80190676
LILRB3	0.8018856
ADGRF3	0.8018774
AQP12A	0.8018732
MAEL	0.80187285
MCHR1	0.8018726
RYR3	0.8018379
PTAFR	0.8018258
GABRA3	0.8018064
HIPK1	0.8018062
LRP1B	0.80179465
NAV3	0.80179256
GRID2	0.80178404
GALNT1	0.8017733
NR3C1	0.8017725
BCL11B	0.80176085
PPP1R13B	0.8017452
UNC79	0.8017423
WDR64	0.80172956
BABAM2	0.8017192
FAT1	0.8017063
DNAI2	0.80169785
UGT3A2	0.80168355
PPP2R5D	0.80164725
GABRA6	0.80164003
SPTBN4	0.801632
MGAT5	0.80162704
PPP1R13B	0.8016195
PLXDC2	0.8016108
MGAT4A	0.80158985
IARS1	0.8015884
IPO8	0.8015526
MLH1	0.80154014
MADD	0.8015346
EYA4	0.80153036
EFHB	0.80152845
COL3A1	0.801508
CNTNAP2	0.8014928
MCM4	0.8014903
GTF3C1	0.80145526
WNT5B	0.8014192
HDAC4	0.8014161
B4GALT5	0.8014115
FHIT	0.8014072
GABRA6	0.8013961
RELCH	0.8013824
PTPRZ1	0.8013805
PARVG	0.8013671
PTPRD	0.8013667
MYCL	0.8013569
FOXD4L5	0.8013528
PPP6R1	0.8013506
CHRND	0.8013425
L1CAM	0.8012719
TCF7L1	0.8012505
KAT7	0.80124104
F13B	0.801235
ABCB8	0.80121887
PTPRD	0.80120033
DNAI3	0.80119723
ACVR2A	0.8011972
CLVS2	0.8011934
PPARGC1A	0.80119103
AKR1C4	0.8011554
TIAM1	0.8011055
OR1N2	0.8010976
IRF4	0.80104715
SETD2	0.80102915
MARK1	0.8010241
CDS1	0.80100536
COL12A1	0.8010002
KIFC1	0.8009991
RNF40	0.80099756
TRIM58	0.80099195
METTL4	0.8009865
HCN1	0.80097413
PPARGC1A	0.8009472
WDR17	0.80094177
ANKIB1	0.80093974
SEPTIN1	0.800935
TIAM1	0.8009318
KIF5A	0.8009244
CAMSAP2	0.80092275
MMP3	0.80089897
PPP1R16A	0.80089796
CSMD3	0.8008771
ATAD2	0.80085874
FOXA1	0.8008564
DUSP9	0.8008514
EPYC	0.8008388
XPO1	0.80079305
FAM171B	0.800776
N4BP2	0.80076164
ZIC3	0.80075574
HNRNPA2B1	0.80064684
EXT2	0.8006418
RPL10	0.8006215
LILRB3	0.80055106
CDH22	0.80054843
STX18	0.8005257
CTNNA1	0.80052495
CDH10	0.80051446
STING1	0.8004813
RBM10	0.8004776
HJV	0.80046725
SLC4A5	0.80046004
POLG	0.80044895
ITGA6	0.80044764
MRGPRX3	0.8004329
ZNF479	0.8004222
RGS6	0.80042154
ASPSCR1	0.80041647
COPS3	0.8004154
PDGFRA	0.8003901
PLEC	0.8003734
PLXNB3	0.80035424
TRIM37	0.8003524
ZNF254	0.80035186
GRIN2A	0.80034757
KAT6A	0.800331
EPHA5	0.80032474
CHL1	0.80031884
ITPRIP	0.8003123
NEUROD4	0.8002893
CMAS	0.8002838
HNRNPA2B1	0.80025864
ORC4	0.80023015
PIK3R1	0.80022025
HSF2	0.80021024
COL11A1	0.8001962
HOXB13	0.8001919
SDHAF2	0.8001879
SMARCA1	0.8001819
ZPLD1	0.8001761
TMEM68	0.8001169
TOGARAM1	0.80007404
PTCHD1	0.8000692
GPX1	0.80006754
KYNU	0.80005705
CNTNAP2	0.8000515
PREPL	0.8000358
KIAA1614	0.80000556
